accountId,migrationDate
7851,2024-04-01T00:00:00
7852,2024-04-01T00:00:00
7953,2024-04-01T00:00:00
7954,2024-03-01T00:00:00
7955,2024-03-01T00:00:00
8001,2024-04-01T00:00:00
8050,2024-04-01T00:00:00
8103,2024-04-01T00:00:00
8151,2024-04-01T00:00:00
8152,2024-03-01T00:00:00
8274,2024-03-01T00:00:00
8276,2024-04-01T00:00:00
8295,2024-03-01T00:00:00
8296,2024-04-01T00:00:00
8318,2024-03-01T00:00:00
8322,2024-04-01T00:00:00
8323,2024-04-01T00:00:00
8333,2024-04-01T00:00:00
8336,2024-04-01T00:00:00
8337,2024-04-01T00:00:00
8343,2024-03-01T00:00:00
8345,2024-04-01T00:00:00
8352,2024-04-01T00:00:00
8357,2024-04-01T00:00:00
8364,2024-04-01T00:00:00
8382,2024-04-01T00:00:00
8395,2024-04-01T00:00:00
8397,2024-04-01T00:00:00
8403,2024-04-01T00:00:00
8408,2024-04-01T00:00:00
8422,2024-03-01T00:00:00
8433,2024-04-01T00:00:00
8445,2024-03-01T00:00:00
8450,2024-03-01T00:00:00
8462,2024-03-01T00:00:00
8475,2024-04-01T00:00:00
8484,2024-04-01T00:00:00
8488,2024-04-01T00:00:00
8489,2024-04-01T00:00:00
8497,2024-03-01T00:00:00
8505,2024-03-01T00:00:00
8507,2024-04-01T00:00:00
8519,2024-04-01T00:00:00
8520,2024-04-01T00:00:00
8547,2024-03-01T00:00:00
8556,2024-03-01T00:00:00
8567,2024-04-01T00:00:00
8578,2024-04-01T00:00:00
8586,2024-03-01T00:00:00
8606,2024-04-01T00:00:00
8607,2024-04-01T00:00:00
8610,2024-04-01T00:00:00
8639,2024-04-01T00:00:00
8650,2024-03-01T00:00:00
8654,2024-03-01T00:00:00
8656,2024-04-01T00:00:00
8665,2024-04-01T00:00:00
8669,2024-03-01T00:00:00
8670,2024-04-01T00:00:00
8699,2024-03-01T00:00:00
8712,2024-04-01T00:00:00
8713,2024-03-01T00:00:00
8722,2024-03-01T00:00:00
8724,2024-04-01T00:00:00
8726,2024-03-01T00:00:00
8740,2024-04-01T00:00:00
8741,2024-03-01T00:00:00
8747,2024-04-01T00:00:00
8748,2024-04-01T00:00:00
8762,2024-03-01T00:00:00
8773,2024-03-01T00:00:00
8774,2024-04-01T00:00:00
8783,2024-04-01T00:00:00
8800,2024-04-01T00:00:00
8811,2024-03-01T00:00:00
8814,2024-04-01T00:00:00
8820,2024-03-01T00:00:00
8822,2024-03-01T00:00:00
8844,2024-03-01T00:00:00
8851,2024-04-01T00:00:00
8853,2024-03-01T00:00:00
8855,2024-03-01T00:00:00
8862,2024-04-01T00:00:00
8863,2024-03-01T00:00:00
8873,2024-04-01T00:00:00
8874,2024-03-01T00:00:00
8884,2024-03-01T00:00:00
8886,2024-03-01T00:00:00
8888,2024-03-01T00:00:00
8912,2024-04-01T00:00:00
8922,2024-03-01T00:00:00
8944,2024-04-01T00:00:00
8972,2024-03-01T00:00:00
8977,2024-04-01T00:00:00
8986,2024-03-01T00:00:00
8997,2024-04-01T00:00:00
9020,2024-04-01T00:00:00
9038,2024-04-01T00:00:00
9046,2024-04-01T00:00:00
9057,2024-03-01T00:00:00
9065,2024-04-01T00:00:00
9072,2024-04-01T00:00:00
9076,2024-04-01T00:00:00
9085,2024-04-01T00:00:00
9086,2024-04-01T00:00:00
9090,2024-04-01T00:00:00
9091,2024-04-01T00:00:00
9093,2024-04-01T00:00:00
9101,2024-03-01T00:00:00
9110,2024-03-01T00:00:00
9122,2024-04-01T00:00:00
9128,2024-04-01T00:00:00
9132,2024-03-01T00:00:00
9139,2024-04-01T00:00:00
9141,2024-03-01T00:00:00
9147,2024-04-01T00:00:00
9153,2024-04-01T00:00:00
9155,2024-04-01T00:00:00
9182,2024-04-01T00:00:00
9183,2024-03-01T00:00:00
9196,2024-04-01T00:00:00
9207,2024-04-01T00:00:00
9208,2024-03-01T00:00:00
9219,2024-03-01T00:00:00
9221,2024-03-01T00:00:00
9224,2024-04-01T00:00:00
9241,2024-04-01T00:00:00
9244,2024-04-01T00:00:00
9252,2024-03-01T00:00:00
9266,2024-03-01T00:00:00
9300,2024-04-01T00:00:00
9318,2024-03-01T00:00:00
9320,2024-03-01T00:00:00
9327,2024-03-01T00:00:00
9328,2024-04-01T00:00:00
9329,2024-04-01T00:00:00
9335,2024-04-01T00:00:00
9356,2024-03-01T00:00:00
9359,2024-03-01T00:00:00
9363,2024-04-01T00:00:00
9366,2024-03-01T00:00:00
9375,2024-04-01T00:00:00
9378,2024-03-01T00:00:00
9384,2024-03-01T00:00:00
9391,2024-03-01T00:00:00
9392,2024-04-01T00:00:00
9395,2024-03-01T00:00:00
9397,2024-04-01T00:00:00
9422,2024-03-01T00:00:00
9436,2024-03-01T00:00:00
9437,2024-03-01T00:00:00
9438,2024-04-01T00:00:00
9439,2024-03-01T00:00:00
9454,2024-03-01T00:00:00
9464,2024-03-01T00:00:00
9505,2024-03-01T00:00:00
9506,2024-03-01T00:00:00
9510,2024-04-01T00:00:00
9539,2024-04-01T00:00:00
9540,2024-04-01T00:00:00
9543,2024-03-01T00:00:00
9545,2024-04-01T00:00:00
9567,2024-03-01T00:00:00
9573,2024-04-01T00:00:00
9587,2024-04-01T00:00:00
9598,2024-03-01T00:00:00
9604,2024-04-01T00:00:00
9609,2024-03-01T00:00:00
9618,2024-04-01T00:00:00
9622,2024-03-01T00:00:00
9624,2024-04-01T00:00:00
9642,2024-03-01T00:00:00
9647,2024-03-01T00:00:00
9672,2024-03-01T00:00:00
9675,2024-04-01T00:00:00
9681,2024-03-01T00:00:00
9692,2024-04-01T00:00:00
9700,2024-03-01T00:00:00
9704,2024-03-01T00:00:00
9711,2024-03-01T00:00:00
9715,2024-04-01T00:00:00
9718,2024-04-01T00:00:00
9719,2024-04-01T00:00:00
9738,2024-03-01T00:00:00
9748,2024-04-01T00:00:00
9770,2024-04-01T00:00:00
9771,2024-04-01T00:00:00
9845,2024-04-01T00:00:00
9849,2024-03-01T00:00:00
9950,2024-03-01T00:00:00
9996,2024-03-01T00:00:00
10051,2024-03-01T00:00:00
10052,2024-03-01T00:00:00
10095,2024-03-01T00:00:00
10100,2024-03-01T00:00:00
10130,2024-04-01T00:00:00
10139,2024-04-01T00:00:00
10141,2024-03-01T00:00:00
10144,2024-03-01T00:00:00
10169,2024-03-01T00:00:00
10170,2024-03-01T00:00:00
10171,2024-03-01T00:00:00
10202,2024-03-01T00:00:00
10210,2024-03-01T00:00:00
10221,2024-03-01T00:00:00
10245,2024-03-01T00:00:00
10248,2024-03-01T00:00:00
10249,2024-04-01T00:00:00
10259,2024-03-01T00:00:00
10266,2024-03-01T00:00:00
10267,2024-03-01T00:00:00
10274,2024-03-01T00:00:00
10284,2024-03-01T00:00:00
10285,2024-03-01T00:00:00
10290,2024-04-01T00:00:00
10305,2024-03-01T00:00:00
10306,2024-03-01T00:00:00
10308,2024-04-01T00:00:00
10325,2024-04-01T00:00:00
10328,2024-03-01T00:00:00
10341,2024-03-01T00:00:00
10370,2024-03-01T00:00:00
10387,2024-04-01T00:00:00
10393,2024-04-01T00:00:00
10394,2024-04-01T00:00:00
10395,2024-04-01T00:00:00
10435,2024-03-01T00:00:00
10517,2024-04-01T00:00:00
10526,2024-03-01T00:00:00
10565,2024-03-01T00:00:00
10567,2024-03-01T00:00:00
10599,2024-03-01T00:00:00
10658,2024-04-01T00:00:00
10673,2024-03-01T00:00:00
10777,2024-03-01T00:00:00
10786,2024-03-01T00:00:00
10838,2024-03-01T00:00:00
10841,2024-04-01T00:00:00
10852,2024-04-01T00:00:00
10876,2024-03-01T00:00:00
10898,2024-03-01T00:00:00
11201,2024-03-01T00:00:00
11204,2024-03-01T00:00:00
11217,2024-03-01T00:00:00
11234,2024-03-01T00:00:00
11765,2024-04-01T00:00:00
11779,2024-03-01T00:00:00
11810,2024-03-01T00:00:00
11811,2024-03-01T00:00:00
11828,2024-03-01T00:00:00
11852,2024-03-01T00:00:00
11854,2024-03-01T00:00:00
11884,2024-04-01T00:00:00
11905,2024-03-01T00:00:00
11944,2024-03-01T00:00:00
11953,2024-04-01T00:00:00
11954,2024-03-01T00:00:00
11957,2024-04-01T00:00:00
11961,2024-03-01T00:00:00
11968,2024-03-01T00:00:00
12003,2024-03-01T00:00:00
12004,2024-03-01T00:00:00
12005,2024-03-01T00:00:00
12060,2024-03-01T00:00:00
12118,2024-03-01T00:00:00
12179,2024-04-01T00:00:00
12180,2024-04-01T00:00:00
12188,2024-04-01T00:00:00
12220,2024-03-01T00:00:00
12258,2024-03-01T00:00:00
12282,2024-03-01T00:00:00
12368,2024-03-01T00:00:00
12369,2024-03-01T00:00:00
12384,2024-03-01T00:00:00
12386,2024-03-01T00:00:00
12435,2024-04-01T00:00:00
12494,2024-03-01T00:00:00
12506,2024-04-01T00:00:00
12516,2024-03-01T00:00:00
12531,2024-03-01T00:00:00
12546,2024-03-01T00:00:00
12568,2024-03-01T00:00:00
12594,2024-03-01T00:00:00
12598,2024-03-01T00:00:00
12631,2024-04-01T00:00:00
12635,2024-03-01T00:00:00
12640,2024-03-01T00:00:00
12654,2024-03-01T00:00:00
12655,2024-03-01T00:00:00
12684,2024-04-01T00:00:00
12689,2024-03-01T00:00:00
12703,2024-04-01T00:00:00
12724,2024-03-01T00:00:00
12735,2024-04-01T00:00:00
12759,2024-03-01T00:00:00
12776,2024-03-01T00:00:00
12926,2024-03-01T00:00:00
12958,2024-04-01T00:00:00
12960,2024-04-01T00:00:00
12974,2024-03-01T00:00:00
12987,2024-03-01T00:00:00
12988,2024-03-01T00:00:00
13055,2024-03-01T00:00:00
13056,2024-03-01T00:00:00
13061,2024-04-01T00:00:00
13122,2024-04-01T00:00:00
13145,2024-03-01T00:00:00
13156,2024-03-01T00:00:00
13157,2024-03-01T00:00:00
13160,2024-03-01T00:00:00
13203,2024-03-01T00:00:00
13400,2024-04-01T00:00:00
13402,2024-03-01T00:00:00
13403,2024-03-01T00:00:00
13418,2024-03-01T00:00:00
13503,2024-03-01T00:00:00
13509,2024-03-01T00:00:00
13625,2024-03-01T00:00:00
13627,2024-03-01T00:00:00
13629,2024-03-01T00:00:00
13817,2024-04-01T00:00:00
13842,2024-03-01T00:00:00
13958,2024-03-01T00:00:00
13960,2024-03-01T00:00:00
13961,2024-04-01T00:00:00
13964,2024-03-01T00:00:00
13976,2024-03-01T00:00:00
13980,2024-03-01T00:00:00
14012,2024-04-01T00:00:00
14104,2024-04-01T00:00:00
14105,2024-03-01T00:00:00
14118,2024-03-01T00:00:00
14123,2024-03-01T00:00:00
14125,2024-03-01T00:00:00
14144,2024-04-01T00:00:00
14148,2024-03-01T00:00:00
14196,2024-04-01T00:00:00
14239,2024-03-01T00:00:00
14269,2024-04-01T00:00:00
14292,2024-03-01T00:00:00
14314,2024-03-01T00:00:00
14315,2024-03-01T00:00:00
14349,2024-03-01T00:00:00
14350,2024-03-01T00:00:00
14357,2024-03-01T00:00:00
14370,2024-03-01T00:00:00
14375,2024-03-01T00:00:00
14378,2024-03-01T00:00:00
14483,2024-03-01T00:00:00
14507,2024-03-01T00:00:00
14508,2024-03-01T00:00:00
14592,2024-03-01T00:00:00
14593,2024-04-01T00:00:00
14602,2024-03-01T00:00:00
14618,2024-04-01T00:00:00
14633,2024-03-01T00:00:00
14655,2024-03-01T00:00:00
14676,2024-04-01T00:00:00
14703,2024-03-01T00:00:00
14738,2024-03-01T00:00:00
14959,2024-04-01T00:00:00
14987,2024-03-01T00:00:00
15107,2024-03-01T00:00:00
15120,2024-03-01T00:00:00
15184,2024-04-01T00:00:00
15199,2024-04-01T00:00:00
15208,2024-03-01T00:00:00
15211,2024-04-01T00:00:00
15212,2024-03-01T00:00:00
15338,2024-04-01T00:00:00
15410,2024-03-01T00:00:00
15420,2024-04-01T00:00:00
15421,2024-04-01T00:00:00
15422,2024-03-01T00:00:00
15423,2024-03-01T00:00:00
15554,2024-04-01T00:00:00
15559,2024-04-01T00:00:00
15572,2024-03-01T00:00:00
15580,2024-03-01T00:00:00
15582,2024-03-01T00:00:00
15583,2024-04-01T00:00:00
15626,2024-03-01T00:00:00
15639,2024-03-01T00:00:00
15763,2024-04-01T00:00:00
15815,2024-03-01T00:00:00
15837,2024-03-01T00:00:00
15845,2024-04-01T00:00:00
15848,2024-03-01T00:00:00
15863,2024-03-01T00:00:00
15869,2024-04-01T00:00:00
15888,2024-03-01T00:00:00
15936,2024-03-01T00:00:00
15937,2024-03-01T00:00:00
15964,2024-03-01T00:00:00
15986,2024-04-01T00:00:00
15990,2024-03-01T00:00:00
16026,2024-03-01T00:00:00
16029,2024-03-01T00:00:00
16030,2024-04-01T00:00:00
16075,2024-03-01T00:00:00
16077,2024-03-01T00:00:00
16078,2024-04-01T00:00:00
16097,2024-04-01T00:00:00
16158,2024-04-01T00:00:00
16196,2024-03-01T00:00:00
16200,2024-03-01T00:00:00
16202,2024-03-01T00:00:00
16246,2024-03-01T00:00:00
16278,2024-04-01T00:00:00
16313,2024-04-01T00:00:00
16370,2024-03-01T00:00:00
16378,2024-03-01T00:00:00
16379,2024-03-01T00:00:00
16380,2024-03-01T00:00:00
16382,2024-03-01T00:00:00
16432,2024-04-01T00:00:00
16433,2024-03-01T00:00:00
16436,2024-03-01T00:00:00
16453,2024-03-01T00:00:00
16500,2024-03-01T00:00:00
16501,2024-03-01T00:00:00
16519,2024-03-01T00:00:00
16534,2024-03-01T00:00:00
16574,2024-04-01T00:00:00
16595,2024-03-01T00:00:00
16667,2024-03-01T00:00:00
16668,2024-03-01T00:00:00
16701,2024-03-01T00:00:00
16702,2024-04-01T00:00:00
16725,2024-03-01T00:00:00
16733,2024-04-01T00:00:00
16757,2024-03-01T00:00:00
16769,2024-03-01T00:00:00
16772,2024-04-01T00:00:00
16785,2024-03-01T00:00:00
16790,2024-03-01T00:00:00
16809,2024-03-01T00:00:00
16841,2024-03-01T00:00:00
16855,2024-04-01T00:00:00
16876,2024-03-01T00:00:00
16890,2024-03-01T00:00:00
16904,2024-04-01T00:00:00
16912,2024-03-01T00:00:00
16913,2024-03-01T00:00:00
17001,2024-03-01T00:00:00
17036,2024-04-01T00:00:00
17037,2024-04-01T00:00:00
17041,2024-03-01T00:00:00
17042,2024-03-01T00:00:00
17050,2024-04-01T00:00:00
17089,2024-03-01T00:00:00
17120,2024-03-01T00:00:00
17132,2024-03-01T00:00:00
17152,2024-03-01T00:00:00
17159,2024-03-01T00:00:00
17181,2024-04-01T00:00:00
17206,2024-04-01T00:00:00
17258,2024-03-01T00:00:00
17279,2024-04-01T00:00:00
17296,2024-04-01T00:00:00
17310,2024-04-01T00:00:00
17330,2024-03-01T00:00:00
17374,2024-03-01T00:00:00
17390,2024-04-01T00:00:00
17391,2024-03-01T00:00:00
17398,2024-04-01T00:00:00
17400,2024-04-01T00:00:00
17440,2024-03-01T00:00:00
17445,2024-04-01T00:00:00
17446,2024-04-01T00:00:00
17486,2024-03-01T00:00:00
17490,2024-03-01T00:00:00
17496,2024-03-01T00:00:00
17500,2024-03-01T00:00:00
17542,2024-03-01T00:00:00
17579,2024-03-01T00:00:00
17583,2024-03-01T00:00:00
17616,2024-03-01T00:00:00
17617,2024-03-01T00:00:00
17659,2024-03-01T00:00:00
17680,2024-03-01T00:00:00
17702,2024-03-01T00:00:00
17781,2024-03-01T00:00:00
17799,2024-03-01T00:00:00
17829,2024-03-01T00:00:00
17894,2024-03-01T00:00:00
17955,2024-03-01T00:00:00
17963,2024-03-01T00:00:00
17972,2024-03-01T00:00:00
17999,2024-03-01T00:00:00
18004,2024-04-01T00:00:00
18025,2024-03-01T00:00:00
18026,2024-03-01T00:00:00
18069,2024-03-01T00:00:00
18076,2024-03-01T00:00:00
18110,2024-03-01T00:00:00
18112,2024-03-01T00:00:00
18120,2024-03-01T00:00:00
18141,2024-04-01T00:00:00
18154,2024-03-01T00:00:00
18172,2024-03-01T00:00:00
18238,2024-03-01T00:00:00
18267,2024-03-01T00:00:00
18286,2024-04-01T00:00:00
18350,2024-04-01T00:00:00
18363,2024-03-01T00:00:00
18366,2024-03-01T00:00:00
18368,2024-03-01T00:00:00
18371,2024-03-01T00:00:00
18416,2024-04-01T00:00:00
18417,2024-03-01T00:00:00
18429,2024-03-01T00:00:00
18467,2024-03-01T00:00:00
18472,2024-03-01T00:00:00
18492,2024-03-01T00:00:00
18514,2024-03-01T00:00:00
18526,2024-03-01T00:00:00
18532,2024-03-01T00:00:00
18566,2024-03-01T00:00:00
18567,2024-03-01T00:00:00
18568,2024-03-01T00:00:00
18569,2024-04-01T00:00:00
18577,2024-03-01T00:00:00
18595,2024-03-01T00:00:00
18600,2024-03-01T00:00:00
18612,2024-03-01T00:00:00
18613,2024-03-01T00:00:00
18630,2024-03-01T00:00:00
18687,2024-04-01T00:00:00
18714,2024-03-01T00:00:00
18724,2024-03-01T00:00:00
18739,2024-03-01T00:00:00
18790,2024-03-01T00:00:00
18839,2024-03-01T00:00:00
18840,2024-04-01T00:00:00
18841,2024-03-01T00:00:00
18900,2024-03-01T00:00:00
18902,2024-04-01T00:00:00
18940,2024-04-01T00:00:00
19024,2024-03-01T00:00:00
19029,2024-04-01T00:00:00
19078,2024-03-01T00:00:00
19184,2024-03-01T00:00:00
19212,2024-04-01T00:00:00
19269,2024-03-01T00:00:00
19290,2024-04-01T00:00:00
19304,2024-03-01T00:00:00
19308,2024-03-01T00:00:00
19313,2024-03-01T00:00:00
19349,2024-03-01T00:00:00
19357,2024-04-01T00:00:00
19363,2024-03-01T00:00:00
19364,2024-03-01T00:00:00
19377,2024-03-01T00:00:00
19378,2024-03-01T00:00:00
19388,2024-04-01T00:00:00
19436,2024-03-01T00:00:00
19439,2024-04-01T00:00:00
19448,2024-04-01T00:00:00
19471,2024-03-01T00:00:00
19531,2024-03-01T00:00:00
19544,2024-03-01T00:00:00
19547,2024-04-01T00:00:00
19554,2024-03-01T00:00:00
19555,2024-03-01T00:00:00
19557,2024-03-01T00:00:00
19569,2024-03-01T00:00:00
19571,2024-03-01T00:00:00
19576,2024-03-01T00:00:00
19617,2024-04-01T00:00:00
19619,2024-03-01T00:00:00
19620,2024-03-01T00:00:00
19646,2024-03-01T00:00:00
19668,2024-03-01T00:00:00
19711,2024-04-01T00:00:00
19714,2024-03-01T00:00:00
19716,2024-03-01T00:00:00
19749,2024-03-01T00:00:00
19767,2024-03-01T00:00:00
19791,2024-04-01T00:00:00
19792,2024-03-01T00:00:00
19799,2024-03-01T00:00:00
19800,2024-03-01T00:00:00
19812,2024-03-01T00:00:00
19816,2024-03-01T00:00:00
19871,2024-03-01T00:00:00
19892,2024-04-01T00:00:00
19908,2024-04-01T00:00:00
19909,2024-04-01T00:00:00
19926,2024-03-01T00:00:00
19948,2024-03-01T00:00:00
19949,2024-04-01T00:00:00
20007,2024-03-01T00:00:00
20027,2024-03-01T00:00:00
20031,2024-03-01T00:00:00
20032,2024-03-01T00:00:00
20068,2024-03-01T00:00:00
20081,2024-04-01T00:00:00
20083,2024-03-01T00:00:00
20138,2024-03-01T00:00:00
20159,2024-03-01T00:00:00
20173,2024-04-01T00:00:00
20260,2024-04-01T00:00:00
20263,2024-04-01T00:00:00
20264,2024-04-01T00:00:00
20294,2024-03-01T00:00:00
20328,2024-03-01T00:00:00
20401,2024-03-01T00:00:00
20443,2024-04-01T00:00:00
20460,2024-03-01T00:00:00
20469,2024-03-01T00:00:00
20574,2024-03-01T00:00:00
20591,2024-03-01T00:00:00
20622,2024-03-01T00:00:00
20624,2024-03-01T00:00:00
20672,2024-03-01T00:00:00
20751,2024-03-01T00:00:00
20778,2024-04-01T00:00:00
20782,2024-03-01T00:00:00
20802,2024-04-01T00:00:00
20863,2024-04-01T00:00:00
20871,2024-03-01T00:00:00
20892,2024-03-01T00:00:00
20923,2024-03-01T00:00:00
20924,2024-03-01T00:00:00
20926,2024-03-01T00:00:00
20930,2024-03-01T00:00:00
20931,2024-04-01T00:00:00
20958,2024-04-01T00:00:00
20994,2024-03-01T00:00:00
21015,2024-03-01T00:00:00
21038,2024-04-01T00:00:00
21146,2024-03-01T00:00:00
21168,2024-03-01T00:00:00
21169,2024-03-01T00:00:00
21198,2024-03-01T00:00:00
21222,2024-04-01T00:00:00
21223,2024-04-01T00:00:00
21253,2024-03-01T00:00:00
21254,2024-04-01T00:00:00
21255,2024-03-01T00:00:00
21284,2024-04-01T00:00:00
21334,2024-03-01T00:00:00
21391,2024-03-01T00:00:00
21396,2024-03-01T00:00:00
21404,2024-03-01T00:00:00
21416,2024-04-01T00:00:00
21434,2024-03-01T00:00:00
21463,2024-04-01T00:00:00
21477,2024-04-01T00:00:00
21549,2024-03-01T00:00:00
21550,2024-03-01T00:00:00
21581,2024-03-01T00:00:00
21617,2024-03-01T00:00:00
21656,2024-03-01T00:00:00
21657,2024-04-01T00:00:00
21659,2024-03-01T00:00:00
21660,2024-03-01T00:00:00
21671,2024-04-01T00:00:00
21691,2024-03-01T00:00:00
21723,2024-03-01T00:00:00
21740,2024-03-01T00:00:00
21746,2024-03-01T00:00:00
21765,2024-03-01T00:00:00
21802,2024-03-01T00:00:00
21828,2024-03-01T00:00:00
21832,2024-03-01T00:00:00
21851,2024-03-01T00:00:00
21864,2024-03-01T00:00:00
21944,2024-04-01T00:00:00
22005,2024-03-01T00:00:00
22018,2024-04-01T00:00:00
22075,2024-03-01T00:00:00
22137,2024-03-01T00:00:00
22146,2024-03-01T00:00:00
22158,2024-03-01T00:00:00
22271,2024-04-01T00:00:00
22309,2024-04-01T00:00:00
22379,2024-03-01T00:00:00
22389,2024-03-01T00:00:00
22413,2024-04-01T00:00:00
22429,2024-03-01T00:00:00
22455,2024-03-01T00:00:00
22466,2024-03-01T00:00:00
22497,2024-03-01T00:00:00
22525,2024-03-01T00:00:00
22661,2024-03-01T00:00:00
22750,2024-03-01T00:00:00
22751,2024-04-01T00:00:00
22773,2024-03-01T00:00:00
22791,2024-04-01T00:00:00
22875,2024-03-01T00:00:00
22899,2024-03-01T00:00:00
22920,2024-03-01T00:00:00
22939,2024-03-01T00:00:00
22949,2024-03-01T00:00:00
22955,2024-04-01T00:00:00
22990,2024-03-01T00:00:00
23020,2024-03-01T00:00:00
23021,2024-04-01T00:00:00
23083,2024-03-01T00:00:00
23100,2024-03-01T00:00:00
23216,2024-03-01T00:00:00
23275,2024-03-01T00:00:00
23276,2024-03-01T00:00:00
23332,2024-03-01T00:00:00
23335,2024-03-01T00:00:00
23345,2024-03-01T00:00:00
23350,2024-03-01T00:00:00
23366,2024-04-01T00:00:00
23388,2024-03-01T00:00:00
23390,2024-04-01T00:00:00
23403,2024-03-01T00:00:00
23412,2024-04-01T00:00:00
23426,2024-03-01T00:00:00
23478,2024-03-01T00:00:00
23479,2024-03-01T00:00:00
23480,2024-04-01T00:00:00
23485,2024-04-01T00:00:00
23499,2024-03-01T00:00:00
23500,2024-03-01T00:00:00
23526,2024-03-01T00:00:00
23589,2024-03-01T00:00:00
23590,2024-03-01T00:00:00
23776,2024-03-01T00:00:00
23777,2024-04-01T00:00:00
23778,2024-03-01T00:00:00
23780,2024-04-01T00:00:00
23781,2024-03-01T00:00:00
23829,2024-04-01T00:00:00
23841,2024-04-01T00:00:00
23866,2024-04-01T00:00:00
23897,2024-03-01T00:00:00
23898,2024-03-01T00:00:00
23899,2024-03-01T00:00:00
23900,2024-03-01T00:00:00
23904,2024-04-01T00:00:00
23976,2024-03-01T00:00:00
23979,2024-03-01T00:00:00
24010,2024-04-01T00:00:00
24011,2024-03-01T00:00:00
24078,2024-03-01T00:00:00
24121,2024-03-01T00:00:00
24141,2024-03-01T00:00:00
24155,2024-04-01T00:00:00
24164,2024-03-01T00:00:00
24165,2024-03-01T00:00:00
24245,2024-03-01T00:00:00
24314,2024-03-01T00:00:00
24354,2024-04-01T00:00:00
24355,2024-04-01T00:00:00
24356,2024-04-01T00:00:00
24390,2024-03-01T00:00:00
24391,2024-03-01T00:00:00
24395,2024-03-01T00:00:00
24447,2024-04-01T00:00:00
24472,2024-03-01T00:00:00
24528,2024-03-01T00:00:00
24532,2024-03-01T00:00:00
24664,2024-03-01T00:00:00
24778,2024-03-01T00:00:00
24780,2024-03-01T00:00:00
25060,2024-04-01T00:00:00
25182,2024-03-01T00:00:00
25416,2024-03-01T00:00:00
25458,2024-03-01T00:00:00
25484,2024-03-01T00:00:00
25598,2024-03-01T00:00:00
25600,2024-03-01T00:00:00
25602,2024-03-01T00:00:00
25604,2024-03-01T00:00:00
25606,2024-03-01T00:00:00
25626,2024-04-01T00:00:00
25628,2024-04-01T00:00:00
25630,2024-03-01T00:00:00
25632,2024-04-01T00:00:00
25644,2024-03-01T00:00:00
25656,2024-03-01T00:00:00
25707,2024-03-01T00:00:00
25711,2024-03-01T00:00:00
25739,2024-03-01T00:00:00
25740,2024-03-01T00:00:00
25741,2024-03-01T00:00:00
25747,2024-03-01T00:00:00
25789,2024-03-01T00:00:00
25873,2024-03-01T00:00:00
25877,2024-03-01T00:00:00
25919,2024-03-01T00:00:00
25922,2024-03-01T00:00:00
25939,2024-03-01T00:00:00
25940,2024-03-01T00:00:00
25993,2024-03-01T00:00:00
25994,2024-03-01T00:00:00
25995,2024-03-01T00:00:00
26016,2024-03-01T00:00:00
26017,2024-03-01T00:00:00
26020,2024-03-01T00:00:00
26027,2024-03-01T00:00:00
26030,2024-03-01T00:00:00
26049,2024-03-01T00:00:00
26057,2024-03-01T00:00:00
26059,2024-04-01T00:00:00
26060,2024-03-01T00:00:00
26064,2024-03-01T00:00:00
26104,2024-03-01T00:00:00
26105,2024-03-01T00:00:00
26120,2024-03-01T00:00:00
26136,2024-03-01T00:00:00
26154,2024-03-01T00:00:00
26156,2024-04-01T00:00:00
26190,2024-03-01T00:00:00
26203,2024-03-01T00:00:00
26205,2024-03-01T00:00:00
26210,2024-03-01T00:00:00
26224,2024-03-01T00:00:00
26226,2024-03-01T00:00:00
26238,2024-04-01T00:00:00
26310,2024-03-01T00:00:00
26313,2024-03-01T00:00:00
26314,2024-03-01T00:00:00
26358,2024-03-01T00:00:00
26396,2024-03-01T00:00:00
26409,2024-03-01T00:00:00
26411,2024-04-01T00:00:00
26437,2024-03-01T00:00:00
26480,2024-03-01T00:00:00
26482,2024-04-01T00:00:00
26499,2024-03-01T00:00:00
26537,2024-03-01T00:00:00
26541,2024-04-01T00:00:00
26542,2024-03-01T00:00:00
26571,2024-03-01T00:00:00
26583,2024-03-01T00:00:00
26584,2024-03-01T00:00:00
26586,2024-03-01T00:00:00
26588,2024-04-01T00:00:00
26590,2024-03-01T00:00:00
26613,2024-03-01T00:00:00
26627,2024-03-01T00:00:00
26663,2024-03-01T00:00:00
26666,2024-03-01T00:00:00
26667,2024-03-01T00:00:00
26719,2024-03-01T00:00:00
26740,2024-03-01T00:00:00
26744,2024-03-01T00:00:00
26753,2024-03-01T00:00:00
26780,2024-03-01T00:00:00
26853,2024-03-01T00:00:00
26855,2024-03-01T00:00:00
26873,2024-03-01T00:00:00
26906,2024-03-01T00:00:00
26908,2024-03-01T00:00:00
26919,2024-03-01T00:00:00
26930,2024-03-01T00:00:00
26961,2024-03-01T00:00:00
26967,2024-03-01T00:00:00
26986,2024-03-01T00:00:00
27010,2024-03-01T00:00:00
27020,2024-03-01T00:00:00
27021,2024-04-01T00:00:00
27022,2024-03-01T00:00:00
27028,2024-04-01T00:00:00
27043,2024-03-01T00:00:00
27049,2024-03-01T00:00:00
27064,2024-03-01T00:00:00
27065,2024-03-01T00:00:00
27094,2024-03-01T00:00:00
27109,2024-03-01T00:00:00
27113,2024-03-01T00:00:00
27128,2024-03-01T00:00:00
27146,2024-03-01T00:00:00
27147,2024-03-01T00:00:00
27148,2024-03-01T00:00:00
27161,2024-03-01T00:00:00
27168,2024-03-01T00:00:00
27169,2024-03-01T00:00:00
27207,2024-03-01T00:00:00
27243,2024-03-01T00:00:00
27244,2024-03-01T00:00:00
27413,2024-03-01T00:00:00
27414,2024-03-01T00:00:00
27491,2024-03-01T00:00:00
27504,2024-04-01T00:00:00
27518,2024-03-01T00:00:00
27563,2024-03-01T00:00:00
27580,2024-03-01T00:00:00
27582,2024-03-01T00:00:00
27590,2024-03-01T00:00:00
27614,2024-03-01T00:00:00
27626,2024-03-01T00:00:00
27631,2024-03-01T00:00:00
27672,2024-03-01T00:00:00
27699,2024-03-01T00:00:00
27704,2024-03-01T00:00:00
27750,2024-03-01T00:00:00
27756,2024-03-01T00:00:00
27812,2024-04-01T00:00:00
27855,2024-04-01T00:00:00
27869,2024-03-01T00:00:00
27916,2024-03-01T00:00:00
27922,2024-04-01T00:00:00
27925,2024-03-01T00:00:00
27934,2024-03-01T00:00:00
27940,2024-04-01T00:00:00
28013,2024-03-01T00:00:00
28022,2024-03-01T00:00:00
28057,2024-03-01T00:00:00
28116,2024-03-01T00:00:00
28120,2024-03-01T00:00:00
28121,2024-03-01T00:00:00
28140,2024-03-01T00:00:00
28142,2024-03-01T00:00:00
28173,2024-03-01T00:00:00
28178,2024-03-01T00:00:00
28180,2024-03-01T00:00:00
28196,2024-03-01T00:00:00
28224,2024-03-01T00:00:00
28256,2024-03-01T00:00:00
28263,2024-03-01T00:00:00
28288,2024-03-01T00:00:00
28307,2024-03-01T00:00:00
28327,2024-03-01T00:00:00
28330,2024-03-01T00:00:00
28368,2024-03-01T00:00:00
28376,2024-03-01T00:00:00
28378,2024-03-01T00:00:00
28379,2024-03-01T00:00:00
28380,2024-03-01T00:00:00
28414,2024-03-01T00:00:00
28439,2024-03-01T00:00:00
28469,2024-03-01T00:00:00
28494,2024-03-01T00:00:00
28552,2024-03-01T00:00:00
28554,2024-03-01T00:00:00
28629,2024-03-01T00:00:00
28751,2024-03-01T00:00:00
28826,2024-04-01T00:00:00
28836,2024-03-01T00:00:00
28837,2024-03-01T00:00:00
28947,2024-03-01T00:00:00
28951,2024-04-01T00:00:00
29079,2024-03-01T00:00:00
29137,2024-03-01T00:00:00
29156,2024-03-01T00:00:00
29534,2024-03-01T00:00:00
29535,2024-03-01T00:00:00
29572,2024-03-01T00:00:00
29761,2024-03-01T00:00:00
29768,2024-03-01T00:00:00
29770,2024-03-01T00:00:00
29775,2024-03-01T00:00:00
29788,2024-04-01T00:00:00
29790,2024-03-01T00:00:00
29811,2024-03-01T00:00:00
29832,2024-03-01T00:00:00
29961,2024-03-01T00:00:00
30015,2024-03-01T00:00:00
30016,2024-03-01T00:00:00
30017,2024-03-01T00:00:00
30079,2024-03-01T00:00:00
30102,2024-03-01T00:00:00
30136,2024-03-01T00:00:00
30191,2024-04-01T00:00:00
30192,2024-03-01T00:00:00
30215,2024-03-01T00:00:00
30217,2024-03-01T00:00:00
30222,2024-03-01T00:00:00
30229,2024-03-01T00:00:00
30243,2024-03-01T00:00:00
30247,2024-03-01T00:00:00
30300,2024-03-01T00:00:00
30304,2024-03-01T00:00:00
30305,2024-03-01T00:00:00
30350,2024-03-01T00:00:00
30419,2024-03-01T00:00:00
30437,2024-03-01T00:00:00
30440,2024-03-01T00:00:00
30441,2024-03-01T00:00:00
30442,2024-04-01T00:00:00
30571,2024-03-01T00:00:00
30585,2024-03-01T00:00:00
30636,2024-04-01T00:00:00
30646,2024-03-01T00:00:00
30653,2024-03-01T00:00:00
30664,2024-03-01T00:00:00
30672,2024-04-01T00:00:00
30673,2024-04-01T00:00:00
30700,2024-03-01T00:00:00
30702,2024-03-01T00:00:00
30762,2024-03-01T00:00:00
30834,2024-03-01T00:00:00
30891,2024-04-01T00:00:00
30892,2024-03-01T00:00:00
30902,2024-03-01T00:00:00
30928,2024-03-01T00:00:00
30952,2024-03-01T00:00:00
30956,2024-03-01T00:00:00
30983,2024-03-01T00:00:00
30985,2024-03-01T00:00:00
31036,2024-03-01T00:00:00
31095,2024-03-01T00:00:00
31099,2024-03-01T00:00:00
31146,2024-03-01T00:00:00
31208,2024-03-01T00:00:00
31280,2024-03-01T00:00:00
31310,2024-04-01T00:00:00
31313,2024-03-01T00:00:00
31359,2024-03-01T00:00:00
31424,2024-03-01T00:00:00
31436,2024-03-01T00:00:00
31510,2024-03-01T00:00:00
31531,2024-03-01T00:00:00
31558,2024-03-01T00:00:00
31567,2024-03-01T00:00:00
31579,2024-04-01T00:00:00
31616,2024-03-01T00:00:00
31617,2024-03-01T00:00:00
31626,2024-03-01T00:00:00
31670,2024-03-01T00:00:00
31683,2024-03-01T00:00:00
31685,2024-03-01T00:00:00
31691,2024-04-01T00:00:00
31705,2024-03-01T00:00:00
31714,2024-03-01T00:00:00
31749,2024-03-01T00:00:00
31796,2024-03-01T00:00:00
32012,2024-03-01T00:00:00
32014,2024-04-01T00:00:00
32093,2024-04-01T00:00:00
32097,2024-03-01T00:00:00
32101,2024-03-01T00:00:00
32102,2024-03-01T00:00:00
32171,2024-03-01T00:00:00
32195,2024-03-01T00:00:00
32196,2024-03-01T00:00:00
32253,2024-03-01T00:00:00
32311,2024-03-01T00:00:00
32320,2024-03-01T00:00:00
32348,2024-03-01T00:00:00
32349,2024-04-01T00:00:00
32384,2024-04-01T00:00:00
32389,2024-03-01T00:00:00
32463,2024-03-01T00:00:00
32482,2024-03-01T00:00:00
32539,2024-03-01T00:00:00
32540,2024-03-01T00:00:00
32586,2024-04-01T00:00:00
32625,2024-03-01T00:00:00
32669,2024-04-01T00:00:00
32671,2024-03-01T00:00:00
32744,2024-03-01T00:00:00
32746,2024-03-01T00:00:00
32747,2024-03-01T00:00:00
32773,2024-04-01T00:00:00
32783,2024-03-01T00:00:00
32805,2024-03-01T00:00:00
32806,2024-03-01T00:00:00
32851,2024-04-01T00:00:00
32865,2024-03-01T00:00:00
32881,2024-03-01T00:00:00
32885,2024-04-01T00:00:00
32909,2024-03-01T00:00:00
32918,2024-03-01T00:00:00
32919,2024-04-01T00:00:00
32925,2024-04-01T00:00:00
32931,2024-03-01T00:00:00
32932,2024-03-01T00:00:00
32945,2024-03-01T00:00:00
32946,2024-03-01T00:00:00
32955,2024-04-01T00:00:00
32975,2024-03-01T00:00:00
33023,2024-03-01T00:00:00
33025,2024-04-01T00:00:00
33036,2024-03-01T00:00:00
33037,2024-04-01T00:00:00
33038,2024-03-01T00:00:00
33078,2024-04-01T00:00:00
33081,2024-03-01T00:00:00
33102,2024-03-01T00:00:00
33107,2024-03-01T00:00:00
33123,2024-03-01T00:00:00
33124,2024-03-01T00:00:00
33125,2024-03-01T00:00:00
33127,2024-03-01T00:00:00
33141,2024-03-01T00:00:00
33143,2024-03-01T00:00:00
33186,2024-03-01T00:00:00
33193,2024-03-01T00:00:00
33197,2024-03-01T00:00:00
33209,2024-03-01T00:00:00
33210,2024-03-01T00:00:00
33214,2024-03-01T00:00:00
33219,2024-03-01T00:00:00
33220,2024-03-01T00:00:00
33266,2024-03-01T00:00:00
33278,2024-03-01T00:00:00
33279,2024-03-01T00:00:00
33280,2024-03-01T00:00:00
33286,2024-03-01T00:00:00
33293,2024-03-01T00:00:00
33296,2024-03-01T00:00:00
33326,2024-03-01T00:00:00
33331,2024-03-01T00:00:00
33332,2024-03-01T00:00:00
33333,2024-03-01T00:00:00
33344,2024-03-01T00:00:00
33384,2024-03-01T00:00:00
33385,2024-03-01T00:00:00
33386,2024-03-01T00:00:00
33397,2024-04-01T00:00:00
33410,2024-03-01T00:00:00
33412,2024-03-01T00:00:00
33414,2024-03-01T00:00:00
33421,2024-03-01T00:00:00
33424,2024-03-01T00:00:00
33431,2024-03-01T00:00:00
33432,2024-03-01T00:00:00
33434,2024-03-01T00:00:00
33437,2024-03-01T00:00:00
33438,2024-03-01T00:00:00
33443,2024-03-01T00:00:00
33459,2024-03-01T00:00:00
33497,2024-03-01T00:00:00
33499,2024-03-01T00:00:00
33519,2024-03-01T00:00:00
33523,2024-03-01T00:00:00
33538,2024-04-01T00:00:00
33540,2024-03-01T00:00:00
33542,2024-04-01T00:00:00
33549,2024-03-01T00:00:00
33563,2024-03-01T00:00:00
33565,2024-03-01T00:00:00
33577,2024-03-01T00:00:00
33586,2024-03-01T00:00:00
33603,2024-03-01T00:00:00
33604,2024-03-01T00:00:00
33608,2024-03-01T00:00:00
33609,2024-03-01T00:00:00
33631,2024-03-01T00:00:00
33632,2024-04-01T00:00:00
33634,2024-03-01T00:00:00
33639,2024-03-01T00:00:00
33640,2024-03-01T00:00:00
33653,2024-03-01T00:00:00
33680,2024-03-01T00:00:00
33681,2024-03-01T00:00:00
33682,2024-03-01T00:00:00
33693,2024-03-01T00:00:00
33694,2024-03-01T00:00:00
33697,2024-03-01T00:00:00
33700,2024-03-01T00:00:00
33705,2024-03-01T00:00:00
33746,2024-03-01T00:00:00
33766,2024-03-01T00:00:00
33768,2024-03-01T00:00:00
33770,2024-03-01T00:00:00
33783,2024-03-01T00:00:00
33785,2024-03-01T00:00:00
33800,2024-03-01T00:00:00
33802,2024-03-01T00:00:00
33806,2024-04-01T00:00:00
33818,2024-03-01T00:00:00
33819,2024-03-01T00:00:00
33820,2024-03-01T00:00:00
33829,2024-03-01T00:00:00
33833,2024-03-01T00:00:00
33835,2024-03-01T00:00:00
33849,2024-03-01T00:00:00
33851,2024-03-01T00:00:00
33854,2024-03-01T00:00:00
33858,2024-03-01T00:00:00
33872,2024-03-01T00:00:00
33873,2024-03-01T00:00:00
33901,2024-03-01T00:00:00
33902,2024-03-01T00:00:00
33903,2024-03-01T00:00:00
33905,2024-03-01T00:00:00
33906,2024-03-01T00:00:00
33908,2024-04-01T00:00:00
33909,2024-03-01T00:00:00
33913,2024-03-01T00:00:00
33919,2024-03-01T00:00:00
33920,2024-03-01T00:00:00
33958,2024-03-01T00:00:00
33959,2024-03-01T00:00:00
33966,2024-04-01T00:00:00
33983,2024-03-01T00:00:00
34009,2024-03-01T00:00:00
34011,2024-03-01T00:00:00
34012,2024-03-01T00:00:00
34016,2024-03-01T00:00:00
34018,2024-04-01T00:00:00
34028,2024-03-01T00:00:00
34034,2024-03-01T00:00:00
34035,2024-03-01T00:00:00
34036,2024-03-01T00:00:00
34049,2024-03-01T00:00:00
34053,2024-03-01T00:00:00
34057,2024-04-01T00:00:00
34061,2024-03-01T00:00:00
34072,2024-03-01T00:00:00
34097,2024-04-01T00:00:00
34099,2024-03-01T00:00:00
34125,2024-03-01T00:00:00
34126,2024-03-01T00:00:00
34140,2024-04-01T00:00:00
34148,2024-04-01T00:00:00
34170,2024-03-01T00:00:00
34173,2024-04-01T00:00:00
34179,2024-03-01T00:00:00
34183,2024-04-01T00:00:00
34187,2024-03-01T00:00:00
34188,2024-03-01T00:00:00
34218,2024-04-01T00:00:00
34227,2024-03-01T00:00:00
34240,2024-04-01T00:00:00
34243,2024-03-01T00:00:00
34255,2024-03-01T00:00:00
34256,2024-03-01T00:00:00
34261,2024-03-01T00:00:00
34269,2024-03-01T00:00:00
34271,2024-04-01T00:00:00
34273,2024-03-01T00:00:00
34274,2024-03-01T00:00:00
34275,2024-03-01T00:00:00
34280,2024-04-01T00:00:00
34296,2024-03-01T00:00:00
34299,2024-03-01T00:00:00
34307,2024-03-01T00:00:00
34324,2024-03-01T00:00:00
34325,2024-03-01T00:00:00
34336,2024-04-01T00:00:00
34351,2024-03-01T00:00:00
34353,2024-03-01T00:00:00
34365,2024-03-01T00:00:00
34369,2024-03-01T00:00:00
34370,2024-03-01T00:00:00
34405,2024-04-01T00:00:00
34431,2024-03-01T00:00:00
34464,2024-04-01T00:00:00
34489,2024-03-01T00:00:00
34496,2024-03-01T00:00:00
34500,2024-04-01T00:00:00
34530,2024-03-01T00:00:00
34536,2024-03-01T00:00:00
34538,2024-03-01T00:00:00
34540,2024-03-01T00:00:00
34551,2024-03-01T00:00:00
34564,2024-03-01T00:00:00
34569,2024-03-01T00:00:00
34574,2024-03-01T00:00:00
34590,2024-03-01T00:00:00
34603,2024-03-01T00:00:00
34604,2024-03-01T00:00:00
34605,2024-03-01T00:00:00
34608,2024-03-01T00:00:00
34610,2024-03-01T00:00:00
34616,2024-03-01T00:00:00
34618,2024-03-01T00:00:00
34620,2024-03-01T00:00:00
34621,2024-03-01T00:00:00
34626,2024-03-01T00:00:00
34660,2024-03-01T00:00:00
34662,2024-04-01T00:00:00
34663,2024-03-01T00:00:00
34676,2024-03-01T00:00:00
34677,2024-03-01T00:00:00
34678,2024-03-01T00:00:00
34679,2024-03-01T00:00:00
34683,2024-03-01T00:00:00
34684,2024-04-01T00:00:00
34687,2024-03-01T00:00:00
34688,2024-03-01T00:00:00
34691,2024-04-01T00:00:00
34692,2024-03-01T00:00:00
34696,2024-03-01T00:00:00
34698,2024-03-01T00:00:00
34713,2024-03-01T00:00:00
34714,2024-03-01T00:00:00
34715,2024-04-01T00:00:00
34717,2024-03-01T00:00:00
34725,2024-04-01T00:00:00
34730,2024-03-01T00:00:00
34733,2024-03-01T00:00:00
34740,2024-03-01T00:00:00
34741,2024-03-01T00:00:00
34749,2024-03-01T00:00:00
34750,2024-04-01T00:00:00
34751,2024-03-01T00:00:00
34756,2024-03-01T00:00:00
34763,2024-03-01T00:00:00
34764,2024-03-01T00:00:00
34774,2024-04-01T00:00:00
34777,2024-03-01T00:00:00
34778,2024-03-01T00:00:00
34789,2024-03-01T00:00:00
34790,2024-03-01T00:00:00
34792,2024-03-01T00:00:00
34802,2024-03-01T00:00:00
34803,2024-03-01T00:00:00
34805,2024-03-01T00:00:00
34816,2024-03-01T00:00:00
34823,2024-03-01T00:00:00
34824,2024-03-01T00:00:00
34825,2024-03-01T00:00:00
34827,2024-03-01T00:00:00
34845,2024-03-01T00:00:00
34855,2024-03-01T00:00:00
34858,2023-11-01T00:00:00
34861,2024-03-01T00:00:00
34873,2024-03-01T00:00:00
34878,2024-03-01T00:00:00
34882,2024-03-01T00:00:00
34883,2024-04-01T00:00:00
34893,2024-03-01T00:00:00
34895,2024-03-01T00:00:00
34896,2024-03-01T00:00:00
34921,2024-03-01T00:00:00
34931,2024-03-01T00:00:00
34932,2024-03-01T00:00:00
34946,2024-03-01T00:00:00
34947,2024-03-01T00:00:00
34949,2024-03-01T00:00:00
34953,2024-03-01T00:00:00
34954,2024-03-01T00:00:00
34960,2024-04-01T00:00:00
34992,2024-03-01T00:00:00
34993,2024-03-01T00:00:00
34994,2024-03-01T00:00:00
35006,2024-03-01T00:00:00
35009,2024-03-01T00:00:00
35011,2024-03-01T00:00:00
35014,2024-03-01T00:00:00
35018,2024-03-01T00:00:00
35032,2024-03-01T00:00:00
35067,2024-03-01T00:00:00
35077,2024-03-01T00:00:00
35078,2024-03-01T00:00:00
35079,2024-03-01T00:00:00
35080,2024-03-01T00:00:00
35082,2024-03-01T00:00:00
35085,2024-04-01T00:00:00
35086,2024-04-01T00:00:00
35087,2024-03-01T00:00:00
35091,2024-03-01T00:00:00
35096,2024-03-01T00:00:00
35097,2024-03-01T00:00:00
35104,2024-03-01T00:00:00
35105,2024-03-01T00:00:00
35126,2024-03-01T00:00:00
35128,2024-03-01T00:00:00
35129,2024-03-01T00:00:00
35134,2024-03-01T00:00:00
35135,2024-03-01T00:00:00
35145,2024-04-01T00:00:00
35147,2024-03-01T00:00:00
35150,2024-03-01T00:00:00
35153,2024-03-01T00:00:00
35163,2024-04-01T00:00:00
35166,2024-03-01T00:00:00
35167,2024-03-01T00:00:00
35168,2024-03-01T00:00:00
35181,2024-03-01T00:00:00
35182,2024-03-01T00:00:00
35185,2024-04-01T00:00:00
35196,2024-03-01T00:00:00
35206,2024-03-01T00:00:00
35207,2024-03-01T00:00:00
35221,2024-03-01T00:00:00
35222,2024-03-01T00:00:00
35223,2024-03-01T00:00:00
35224,2024-03-01T00:00:00
35225,2024-03-01T00:00:00
35226,2024-03-01T00:00:00
35227,2024-03-01T00:00:00
35239,2024-03-01T00:00:00
35242,2024-04-01T00:00:00
35243,2024-03-01T00:00:00
35245,2024-03-01T00:00:00
35248,2024-03-01T00:00:00
35260,2024-03-01T00:00:00
35270,2024-03-01T00:00:00
35271,2024-03-01T00:00:00
35272,2024-03-01T00:00:00
35273,2024-04-01T00:00:00
35274,2024-03-01T00:00:00
35275,2024-03-01T00:00:00
35277,2024-03-01T00:00:00
35282,2024-04-01T00:00:00
35289,2024-03-01T00:00:00
35290,2024-04-01T00:00:00
35303,2024-04-01T00:00:00
35313,2024-04-01T00:00:00
35314,2024-03-01T00:00:00
35315,2024-03-01T00:00:00
35323,2024-03-01T00:00:00
35351,2024-03-01T00:00:00
35412,2024-03-01T00:00:00
35432,2024-03-01T00:00:00
35433,2024-03-01T00:00:00
35448,2024-03-01T00:00:00
35452,2024-03-01T00:00:00
35506,2024-03-01T00:00:00
35512,2024-03-01T00:00:00
35513,2024-03-01T00:00:00
35514,2024-03-01T00:00:00
35526,2024-03-01T00:00:00
35600,2024-03-01T00:00:00
35603,2024-03-01T00:00:00
35604,2024-03-01T00:00:00
35605,2024-03-01T00:00:00
35607,2024-03-01T00:00:00
35608,2024-03-01T00:00:00
35692,2024-04-01T00:00:00
35716,2024-03-01T00:00:00
35717,2024-03-01T00:00:00
35718,2024-03-01T00:00:00
35723,2024-03-01T00:00:00
35724,2024-03-01T00:00:00
35728,2024-03-01T00:00:00
35729,2024-04-01T00:00:00
35731,2024-03-01T00:00:00
35734,2024-03-01T00:00:00
35762,2024-03-01T00:00:00
35764,2024-03-01T00:00:00
35765,2024-03-01T00:00:00
35791,2024-03-01T00:00:00
35792,2024-04-01T00:00:00
35796,2024-03-01T00:00:00
35798,2024-03-01T00:00:00
35801,2024-03-01T00:00:00
35802,2024-03-01T00:00:00
35803,2024-03-01T00:00:00
35804,2024-03-01T00:00:00
35805,2024-03-01T00:00:00
35837,2024-03-01T00:00:00
35839,2024-03-01T00:00:00
35842,2024-03-01T00:00:00
35844,2024-03-01T00:00:00
35845,2024-04-01T00:00:00
35846,2024-03-01T00:00:00
35847,2024-03-01T00:00:00
35848,2024-03-01T00:00:00
35850,2024-03-01T00:00:00
35858,2024-03-01T00:00:00
35859,2024-03-01T00:00:00
35866,2024-03-01T00:00:00
35874,2024-03-01T00:00:00
35930,2024-04-01T00:00:00
35955,2024-04-01T00:00:00
35962,2024-04-01T00:00:00
35963,2024-03-01T00:00:00
35964,2024-03-01T00:00:00
35999,2024-04-01T00:00:00
36001,2024-03-01T00:00:00
36002,2024-03-01T00:00:00
36019,2024-03-01T00:00:00
36055,2024-03-01T00:00:00
36057,2024-03-01T00:00:00
36059,2024-03-01T00:00:00
36062,2024-04-01T00:00:00
36064,2024-03-01T00:00:00
36066,2024-03-01T00:00:00
36078,2024-03-01T00:00:00
36094,2024-03-01T00:00:00
36096,2024-03-01T00:00:00
36097,2024-03-01T00:00:00
36098,2024-03-01T00:00:00
36099,2024-03-01T00:00:00
36100,2024-03-01T00:00:00
36101,2024-03-01T00:00:00
36107,2024-03-01T00:00:00
36108,2024-03-01T00:00:00
36133,2024-03-01T00:00:00
36134,2024-04-01T00:00:00
36139,2024-04-01T00:00:00
36141,2024-03-01T00:00:00
36144,2024-03-01T00:00:00
36145,2024-04-01T00:00:00
36148,2024-03-01T00:00:00
36183,2024-03-01T00:00:00
36188,2024-03-01T00:00:00
36189,2024-03-01T00:00:00
36258,2024-03-01T00:00:00
36259,2024-03-01T00:00:00
36260,2024-03-01T00:00:00
36262,2024-03-01T00:00:00
36264,2024-03-01T00:00:00
36267,2024-03-01T00:00:00
36269,2024-04-01T00:00:00
36270,2024-03-01T00:00:00
36308,2024-03-01T00:00:00
36311,2024-03-01T00:00:00
36327,2024-04-01T00:00:00
36341,2024-04-01T00:00:00
36342,2024-03-01T00:00:00
36343,2024-03-01T00:00:00
36371,2024-03-01T00:00:00
36373,2024-03-01T00:00:00
36375,2024-04-01T00:00:00
36377,2024-03-01T00:00:00
36379,2024-03-01T00:00:00
36383,2024-03-01T00:00:00
36384,2024-03-01T00:00:00
36385,2024-03-01T00:00:00
36407,2024-03-01T00:00:00
36409,2024-03-01T00:00:00
36420,2024-04-01T00:00:00
36421,2024-03-01T00:00:00
36422,2024-03-01T00:00:00
36455,2024-03-01T00:00:00
36465,2024-03-01T00:00:00
36466,2024-03-01T00:00:00
36467,2024-03-01T00:00:00
36469,2024-03-01T00:00:00
36470,2024-03-01T00:00:00
36471,2024-03-01T00:00:00
36472,2024-03-01T00:00:00
36473,2024-04-01T00:00:00
36492,2024-03-01T00:00:00
36493,2024-03-01T00:00:00
36495,2024-03-01T00:00:00
36501,2024-03-01T00:00:00
36502,2024-03-01T00:00:00
36505,2024-03-01T00:00:00
36517,2024-03-01T00:00:00
36533,2024-03-01T00:00:00
36534,2024-03-01T00:00:00
36535,2024-03-01T00:00:00
36536,2024-03-01T00:00:00
36548,2024-03-01T00:00:00
36549,2024-03-01T00:00:00
36562,2024-04-01T00:00:00
36564,2024-03-01T00:00:00
36565,2024-03-01T00:00:00
36568,2024-03-01T00:00:00
36572,2024-03-01T00:00:00
36596,2024-03-01T00:00:00
36597,2024-03-01T00:00:00
36598,2024-03-01T00:00:00
36606,2024-03-01T00:00:00
36607,2024-03-01T00:00:00
36619,2024-03-01T00:00:00
36620,2024-03-01T00:00:00
36621,2024-03-01T00:00:00
36632,2024-03-01T00:00:00
36633,2024-03-01T00:00:00
36634,2024-03-01T00:00:00
36635,2024-03-01T00:00:00
36636,2024-03-01T00:00:00
36638,2024-04-01T00:00:00
36646,2024-03-01T00:00:00
36647,2024-03-01T00:00:00
36713,2024-03-01T00:00:00
36714,2024-03-01T00:00:00
36715,2024-04-01T00:00:00
36716,2024-03-01T00:00:00
36717,2024-03-01T00:00:00
36718,2024-03-01T00:00:00
36719,2024-03-01T00:00:00
36730,2024-03-01T00:00:00
36731,2024-03-01T00:00:00
36749,2024-03-01T00:00:00
36750,2024-03-01T00:00:00
36753,2024-03-01T00:00:00
36773,2024-03-01T00:00:00
36774,2024-03-01T00:00:00
36776,2024-03-01T00:00:00
36794,2024-03-01T00:00:00
36797,2024-03-01T00:00:00
36815,2024-03-01T00:00:00
36819,2024-03-01T00:00:00
36831,2024-03-01T00:00:00
36832,2024-04-01T00:00:00
36867,2024-03-01T00:00:00
36868,2024-03-01T00:00:00
36869,2024-04-01T00:00:00
36882,2024-04-01T00:00:00
36884,2024-03-01T00:00:00
36910,2024-03-01T00:00:00
36912,2024-03-01T00:00:00
36914,2024-03-01T00:00:00
36915,2024-03-01T00:00:00
36921,2024-03-01T00:00:00
36925,2024-03-01T00:00:00
36940,2024-03-01T00:00:00
36942,2024-03-01T00:00:00
36953,2024-03-01T00:00:00
36955,2024-03-01T00:00:00
36956,2024-03-01T00:00:00
36958,2024-03-01T00:00:00
36963,2024-03-01T00:00:00
36964,2024-04-01T00:00:00
36965,2024-03-01T00:00:00
36966,2024-03-01T00:00:00
36980,2024-04-01T00:00:00
36985,2024-04-01T00:00:00
36986,2024-03-01T00:00:00
36988,2024-03-01T00:00:00
37019,2024-03-01T00:00:00
37030,2024-03-01T00:00:00
37033,2024-03-01T00:00:00
37036,2024-03-01T00:00:00
37038,2024-03-01T00:00:00
37073,2024-03-01T00:00:00
37074,2024-03-01T00:00:00
37075,2024-03-01T00:00:00
37076,2024-03-01T00:00:00
37078,2024-03-01T00:00:00
37080,2024-03-01T00:00:00
37081,2024-03-01T00:00:00
37107,2024-03-01T00:00:00
37109,2024-03-01T00:00:00
37110,2024-03-01T00:00:00
37137,2024-03-01T00:00:00
37138,2024-03-01T00:00:00
37140,2024-03-01T00:00:00
37145,2024-03-01T00:00:00
37148,2024-03-01T00:00:00
37158,2024-03-01T00:00:00
37159,2024-03-01T00:00:00
37160,2024-03-01T00:00:00
37164,2024-03-01T00:00:00
37178,2024-03-01T00:00:00
37180,2024-03-01T00:00:00
37183,2024-04-01T00:00:00
37185,2024-03-01T00:00:00
37186,2024-03-01T00:00:00
37188,2024-03-01T00:00:00
37189,2024-03-01T00:00:00
37219,2024-03-01T00:00:00
37221,2024-03-01T00:00:00
37223,2024-03-01T00:00:00
37224,2024-03-01T00:00:00
37225,2024-03-01T00:00:00
37226,2024-03-01T00:00:00
37227,2024-03-01T00:00:00
37228,2024-03-01T00:00:00
37244,2024-03-01T00:00:00
37246,2024-03-01T00:00:00
37248,2024-03-01T00:00:00
37251,2024-03-01T00:00:00
37280,2024-03-01T00:00:00
37297,2024-03-01T00:00:00
37311,2024-03-01T00:00:00
37321,2024-03-01T00:00:00
37322,2024-03-01T00:00:00
37324,2024-04-01T00:00:00
37330,2024-03-01T00:00:00
37331,2024-03-01T00:00:00
37378,2024-03-01T00:00:00
37392,2024-03-01T00:00:00
37411,2024-03-01T00:00:00
37418,2024-03-01T00:00:00
37420,2024-03-01T00:00:00
37421,2024-03-01T00:00:00
37423,2024-03-01T00:00:00
37430,2024-03-01T00:00:00
37440,2024-03-01T00:00:00
37441,2024-03-01T00:00:00
37454,2024-03-01T00:00:00
37455,2024-03-01T00:00:00
37457,2024-03-01T00:00:00
37458,2024-03-01T00:00:00
37459,2024-03-01T00:00:00
37467,2024-03-01T00:00:00
37474,2024-03-01T00:00:00
37484,2024-04-01T00:00:00
37488,2024-04-01T00:00:00
37490,2024-03-01T00:00:00
37491,2024-03-01T00:00:00
37493,2023-11-01T00:00:00
37498,2024-03-01T00:00:00
37507,2024-03-01T00:00:00
37509,2024-03-01T00:00:00
37511,2024-03-01T00:00:00
37514,2024-03-01T00:00:00
37518,2024-03-01T00:00:00
37519,2024-03-01T00:00:00
37522,2024-03-01T00:00:00
37523,2024-03-01T00:00:00
37528,2024-03-01T00:00:00
37529,2024-03-01T00:00:00
37533,2024-04-01T00:00:00
37534,2024-03-01T00:00:00
37535,2024-03-01T00:00:00
37536,2024-03-01T00:00:00
37539,2024-03-01T00:00:00
37540,2024-03-01T00:00:00
37541,2024-03-01T00:00:00
37543,2024-03-01T00:00:00
37546,2024-03-01T00:00:00
37549,2024-03-01T00:00:00
37550,2024-03-01T00:00:00
37551,2024-03-01T00:00:00
37552,2024-03-01T00:00:00
37553,2024-04-01T00:00:00
37555,2024-03-01T00:00:00
37558,2024-04-01T00:00:00
37559,2024-03-01T00:00:00
37561,2024-03-01T00:00:00
37562,2024-03-01T00:00:00
37563,2024-03-01T00:00:00
37565,2024-04-01T00:00:00
37566,2024-04-01T00:00:00
37570,2024-03-01T00:00:00
37571,2024-03-01T00:00:00
37573,2024-03-01T00:00:00
37574,2024-03-01T00:00:00
37576,2024-03-01T00:00:00
37577,2024-03-01T00:00:00
37578,2024-03-01T00:00:00
37579,2024-03-01T00:00:00
37581,2024-03-01T00:00:00
37583,2024-04-01T00:00:00
37585,2024-04-01T00:00:00
37592,2024-03-01T00:00:00
37594,2024-03-01T00:00:00
37595,2024-03-01T00:00:00
37596,2024-04-01T00:00:00
37597,2024-03-01T00:00:00
37598,2024-03-01T00:00:00
37599,2024-03-01T00:00:00
37600,2024-03-01T00:00:00
37603,2024-03-01T00:00:00
37604,2024-03-01T00:00:00
37605,2024-03-01T00:00:00
37606,2024-04-01T00:00:00
37608,2024-03-01T00:00:00
37609,2024-03-01T00:00:00
37610,2024-03-01T00:00:00
37613,2024-03-01T00:00:00
37614,2024-03-01T00:00:00
37615,2024-03-01T00:00:00
37622,2024-03-01T00:00:00
37623,2024-03-01T00:00:00
37624,2024-03-01T00:00:00
37626,2024-03-01T00:00:00
37627,2024-03-01T00:00:00
37628,2024-03-01T00:00:00
37629,2024-03-01T00:00:00
37630,2024-03-01T00:00:00
37631,2024-03-01T00:00:00
37632,2024-03-01T00:00:00
37633,2024-04-01T00:00:00
37634,2024-03-01T00:00:00
37636,2024-03-01T00:00:00
37637,2024-03-01T00:00:00
37638,2024-03-01T00:00:00
37639,2024-03-01T00:00:00
37641,2024-03-01T00:00:00
37642,2024-03-01T00:00:00
37643,2023-11-01T00:00:00
37644,2024-03-01T00:00:00
37645,2024-03-01T00:00:00
37646,2023-11-01T00:00:00
37647,2024-03-01T00:00:00
37648,2024-03-01T00:00:00
37649,2024-03-01T00:00:00
37650,2024-03-01T00:00:00
37651,2024-03-01T00:00:00
37652,2024-03-01T00:00:00
37653,2024-03-01T00:00:00
37654,2024-04-01T00:00:00
37655,2024-04-01T00:00:00
37661,2024-03-01T00:00:00
37662,2024-03-01T00:00:00
37663,2024-04-01T00:00:00
37664,2024-04-01T00:00:00
37665,2024-03-01T00:00:00
37666,2024-03-01T00:00:00
37667,2024-03-01T00:00:00
37668,2024-03-01T00:00:00
37669,2024-03-01T00:00:00
37672,2024-04-01T00:00:00
37673,2024-03-01T00:00:00
37677,2024-03-01T00:00:00
37678,2024-04-01T00:00:00
37679,2024-03-01T00:00:00
37680,2024-03-01T00:00:00
37683,2024-03-01T00:00:00
37684,2024-03-01T00:00:00
37685,2024-04-01T00:00:00
37688,2024-03-01T00:00:00
37692,2024-03-01T00:00:00
37693,2024-03-01T00:00:00
37694,2024-03-01T00:00:00
37695,2024-03-01T00:00:00
37696,2024-03-01T00:00:00
37697,2024-03-01T00:00:00
37698,2024-03-01T00:00:00
37703,2024-03-01T00:00:00
37704,2024-04-01T00:00:00
37709,2024-03-01T00:00:00
37710,2024-04-01T00:00:00
37711,2024-03-01T00:00:00
37715,2024-03-01T00:00:00
37716,2024-04-01T00:00:00
37718,2024-03-01T00:00:00
37720,2024-03-01T00:00:00
37721,2024-03-01T00:00:00
37726,2024-03-01T00:00:00
37727,2024-03-01T00:00:00
37728,2024-03-01T00:00:00
37729,2024-03-01T00:00:00
37730,2024-03-01T00:00:00
37732,2024-03-01T00:00:00
37733,2024-04-01T00:00:00
37734,2024-03-01T00:00:00
37737,2024-03-01T00:00:00
37738,2024-03-01T00:00:00
37739,2024-03-01T00:00:00
37740,2024-03-01T00:00:00
37741,2024-04-01T00:00:00
37742,2024-03-01T00:00:00
37743,2024-03-01T00:00:00
37745,2024-03-01T00:00:00
37746,2024-03-01T00:00:00
37747,2024-03-01T00:00:00
37749,2024-03-01T00:00:00
37751,2024-03-01T00:00:00
37752,2024-03-01T00:00:00
37753,2024-03-01T00:00:00
37754,2024-04-01T00:00:00
37755,2024-03-01T00:00:00
37756,2024-03-01T00:00:00
37757,2024-03-01T00:00:00
37758,2024-04-01T00:00:00
37759,2024-03-01T00:00:00
37760,2024-04-01T00:00:00
37761,2024-03-01T00:00:00
37762,2024-03-01T00:00:00
37763,2024-03-01T00:00:00
37765,2024-03-01T00:00:00
37766,2024-04-01T00:00:00
37767,2024-03-01T00:00:00
37768,2024-03-01T00:00:00
37769,2024-03-01T00:00:00
37770,2024-03-01T00:00:00
37772,2024-03-01T00:00:00
37774,2024-04-01T00:00:00
37775,2024-03-01T00:00:00
37777,2024-04-01T00:00:00
37783,2024-03-01T00:00:00
37784,2024-03-01T00:00:00
37785,2024-03-01T00:00:00
37787,2024-03-01T00:00:00
37790,2024-03-01T00:00:00
37791,2024-03-01T00:00:00
37792,2024-03-01T00:00:00
37793,2024-04-01T00:00:00
37794,2024-03-01T00:00:00
37795,2024-03-01T00:00:00
37800,2024-04-01T00:00:00
37801,2024-03-01T00:00:00
37805,2024-04-01T00:00:00
37806,2024-04-01T00:00:00
37807,2024-04-01T00:00:00
37808,2024-04-01T00:00:00
37809,2024-04-01T00:00:00
37811,2024-03-01T00:00:00
37812,2024-03-01T00:00:00
37813,2024-03-01T00:00:00
37814,2024-03-01T00:00:00
37815,2024-03-01T00:00:00
37816,2024-03-01T00:00:00
37817,2024-03-01T00:00:00
37818,2024-03-01T00:00:00
37819,2024-03-01T00:00:00
37820,2024-03-01T00:00:00
37821,2024-03-01T00:00:00
37822,2024-03-01T00:00:00
37823,2024-03-01T00:00:00
37824,2024-03-01T00:00:00
37825,2024-03-01T00:00:00
37826,2024-03-01T00:00:00
37827,2024-04-01T00:00:00
37828,2024-03-01T00:00:00
37829,2024-03-01T00:00:00
37831,2024-03-01T00:00:00
37832,2024-03-01T00:00:00
37834,2024-04-01T00:00:00
37835,2024-03-01T00:00:00
37836,2024-03-01T00:00:00
37837,2024-03-01T00:00:00
37838,2024-03-01T00:00:00
37839,2024-03-01T00:00:00
37840,2024-03-01T00:00:00
37841,2024-03-01T00:00:00
37842,2024-03-01T00:00:00
37843,2024-03-01T00:00:00
37844,2024-03-01T00:00:00
37845,2024-03-01T00:00:00
37846,2024-03-01T00:00:00
37847,2024-04-01T00:00:00
37849,2024-03-01T00:00:00
37850,2024-03-01T00:00:00
37851,2024-03-01T00:00:00
37852,2024-03-01T00:00:00
37853,2024-03-01T00:00:00
37854,2024-03-01T00:00:00
37855,2024-03-01T00:00:00
37856,2024-03-01T00:00:00
37858,2024-03-01T00:00:00
37859,2024-03-01T00:00:00
37860,2024-04-01T00:00:00
37861,2024-03-01T00:00:00
37863,2024-03-01T00:00:00
37864,2024-03-01T00:00:00
37865,2024-03-01T00:00:00
37866,2024-03-01T00:00:00
37867,2024-03-01T00:00:00
37868,2024-03-01T00:00:00
37869,2024-03-01T00:00:00
37870,2024-03-01T00:00:00
37872,2024-04-01T00:00:00
37875,2024-03-01T00:00:00
37877,2024-03-01T00:00:00
37878,2024-03-01T00:00:00
37879,2024-04-01T00:00:00
37881,2024-03-01T00:00:00
37882,2024-04-01T00:00:00
37884,2024-03-01T00:00:00
37885,2024-04-01T00:00:00
37886,2024-04-01T00:00:00
37887,2024-03-01T00:00:00
37888,2024-03-01T00:00:00
37890,2024-03-01T00:00:00
37893,2024-03-01T00:00:00
37894,2024-03-01T00:00:00
37896,2024-04-01T00:00:00
37898,2024-04-01T00:00:00
37899,2024-03-01T00:00:00
37900,2024-03-01T00:00:00
37901,2024-03-01T00:00:00
37902,2024-03-01T00:00:00
37903,2024-03-01T00:00:00
37904,2024-03-01T00:00:00
37905,2024-03-01T00:00:00
37906,2024-03-01T00:00:00
37907,2024-03-01T00:00:00
37908,2024-03-01T00:00:00
37911,2024-03-01T00:00:00
37912,2024-04-01T00:00:00
37914,2024-03-01T00:00:00
37915,2024-03-01T00:00:00
37916,2024-04-01T00:00:00
37920,2024-04-01T00:00:00
37922,2024-03-01T00:00:00
37923,2024-03-01T00:00:00
37925,2024-03-01T00:00:00
37928,2024-04-01T00:00:00
37930,2024-04-01T00:00:00
37931,2024-03-01T00:00:00
37932,2024-04-01T00:00:00
37933,2024-03-01T00:00:00
37934,2024-03-01T00:00:00
37935,2024-03-01T00:00:00
37936,2024-04-01T00:00:00
37938,2024-04-01T00:00:00
37941,2024-03-01T00:00:00
37942,2024-04-01T00:00:00
37943,2024-04-01T00:00:00
37945,2024-03-01T00:00:00
37946,2024-03-01T00:00:00
37947,2024-03-01T00:00:00
37948,2024-03-01T00:00:00
37949,2024-03-01T00:00:00
37950,2024-03-01T00:00:00
37951,2024-03-01T00:00:00
37952,2024-03-01T00:00:00
37953,2024-03-01T00:00:00
37955,2024-04-01T00:00:00
37956,2024-03-01T00:00:00
37957,2024-03-01T00:00:00
37959,2024-03-01T00:00:00
37960,2024-03-01T00:00:00
37961,2024-04-01T00:00:00
37963,2024-03-01T00:00:00
37964,2024-03-01T00:00:00
37965,2024-03-01T00:00:00
37967,2024-03-01T00:00:00
37968,2024-03-01T00:00:00
37969,2024-03-01T00:00:00
37971,2024-03-01T00:00:00
37973,2024-03-01T00:00:00
37974,2024-04-01T00:00:00
37975,2024-03-01T00:00:00
37976,2024-03-01T00:00:00
37977,2024-03-01T00:00:00
37978,2024-03-01T00:00:00
37979,2024-03-01T00:00:00
37980,2024-03-01T00:00:00
37981,2024-04-01T00:00:00
37982,2024-03-01T00:00:00
37984,2024-03-01T00:00:00
37985,2024-03-01T00:00:00
37987,2024-03-01T00:00:00
37988,2024-03-01T00:00:00
37990,2024-03-01T00:00:00
37991,2024-03-01T00:00:00
37993,2024-03-01T00:00:00
37994,2024-03-01T00:00:00
37995,2024-03-01T00:00:00
37999,2024-04-01T00:00:00
38000,2024-03-01T00:00:00
38001,2024-03-01T00:00:00
38002,2024-03-01T00:00:00
38003,2024-04-01T00:00:00
38004,2024-03-01T00:00:00
38005,2024-03-01T00:00:00
38006,2024-03-01T00:00:00
38007,2024-03-01T00:00:00
38008,2024-03-01T00:00:00
38009,2024-03-01T00:00:00
38010,2024-03-01T00:00:00
38011,2024-04-01T00:00:00
38012,2024-03-01T00:00:00
38013,2024-03-01T00:00:00
38015,2024-04-01T00:00:00
38016,2024-03-01T00:00:00
38017,2024-03-01T00:00:00
38018,2024-03-01T00:00:00
38019,2024-03-01T00:00:00
38020,2024-03-01T00:00:00
38021,2024-04-01T00:00:00
38022,2024-03-01T00:00:00
38023,2024-03-01T00:00:00
38024,2024-03-01T00:00:00
38025,2024-03-01T00:00:00
38027,2024-03-01T00:00:00
38028,2024-03-01T00:00:00
38029,2024-03-01T00:00:00
38033,2024-03-01T00:00:00
38034,2024-03-01T00:00:00
38035,2024-03-01T00:00:00
38036,2024-03-01T00:00:00
38037,2024-03-01T00:00:00
38038,2024-03-01T00:00:00
38039,2024-04-01T00:00:00
38040,2024-03-01T00:00:00
38042,2024-03-01T00:00:00
38045,2024-03-01T00:00:00
38047,2024-03-01T00:00:00
38050,2024-03-01T00:00:00
38051,2024-03-01T00:00:00
38052,2024-04-01T00:00:00
38053,2024-03-01T00:00:00
38054,2024-03-01T00:00:00
38055,2024-03-01T00:00:00
38057,2024-03-01T00:00:00
38058,2024-04-01T00:00:00
38059,2024-03-01T00:00:00
38061,2024-03-01T00:00:00
38062,2024-03-01T00:00:00
38063,2024-03-01T00:00:00
38065,2024-03-01T00:00:00
38066,2024-03-01T00:00:00
38067,2024-03-01T00:00:00
38068,2024-03-01T00:00:00
38069,2024-03-01T00:00:00
38070,2024-03-01T00:00:00
38071,2024-04-01T00:00:00
38072,2024-03-01T00:00:00
38074,2024-03-01T00:00:00
38075,2024-03-01T00:00:00
38076,2024-03-01T00:00:00
38077,2024-03-01T00:00:00
38078,2024-03-01T00:00:00
38079,2024-03-01T00:00:00
38082,2024-04-01T00:00:00
38083,2024-03-01T00:00:00
38084,2024-04-01T00:00:00
38087,2024-03-01T00:00:00
38088,2024-03-01T00:00:00
38089,2024-03-01T00:00:00
38091,2024-03-01T00:00:00
38092,2024-03-01T00:00:00
38093,2024-03-01T00:00:00
38094,2024-03-01T00:00:00
38095,2024-03-01T00:00:00
38098,2024-03-01T00:00:00
38101,2024-03-01T00:00:00
38103,2024-03-01T00:00:00
38104,2024-03-01T00:00:00
38106,2024-03-01T00:00:00
38107,2024-03-01T00:00:00
38108,2024-03-01T00:00:00
38109,2024-03-01T00:00:00
38111,2024-03-01T00:00:00
38113,2024-03-01T00:00:00
38114,2024-03-01T00:00:00
38115,2024-03-01T00:00:00
38116,2024-03-01T00:00:00
38117,2024-03-01T00:00:00
38118,2024-03-01T00:00:00
38119,2024-03-01T00:00:00
38120,2024-03-01T00:00:00
38121,2024-03-01T00:00:00
38122,2024-04-01T00:00:00
38123,2024-04-01T00:00:00
38128,2024-03-01T00:00:00
38130,2024-03-01T00:00:00
38132,2024-03-01T00:00:00
38133,2024-03-01T00:00:00
38134,2024-03-01T00:00:00
38135,2024-03-01T00:00:00
38136,2024-03-01T00:00:00
38138,2024-03-01T00:00:00
38139,2024-03-01T00:00:00
38140,2024-03-01T00:00:00
38141,2024-03-01T00:00:00
38143,2024-03-01T00:00:00
38144,2024-03-01T00:00:00
38145,2024-03-01T00:00:00
38146,2024-03-01T00:00:00
38147,2024-03-01T00:00:00
38148,2024-03-01T00:00:00
38149,2024-03-01T00:00:00
38150,2024-03-01T00:00:00
38151,2024-03-01T00:00:00
38153,2024-04-01T00:00:00
38154,2024-03-01T00:00:00
38156,2024-03-01T00:00:00
38157,2024-04-01T00:00:00
38160,2024-03-01T00:00:00
38161,2024-03-01T00:00:00
38162,2024-03-01T00:00:00
38163,2024-03-01T00:00:00
38165,2024-03-01T00:00:00
38167,2024-03-01T00:00:00
38173,2024-03-01T00:00:00
38174,2024-03-01T00:00:00
38175,2024-03-01T00:00:00
38176,2024-03-01T00:00:00
38178,2024-04-01T00:00:00
38179,2023-11-01T00:00:00
38180,2024-03-01T00:00:00
38182,2024-03-01T00:00:00
38183,2024-03-01T00:00:00
38184,2024-03-01T00:00:00
38186,2024-03-01T00:00:00
38187,2024-03-01T00:00:00
38188,2024-04-01T00:00:00
38189,2024-03-01T00:00:00
38190,2024-04-01T00:00:00
38191,2024-03-01T00:00:00
38192,2024-03-01T00:00:00
38195,2024-04-01T00:00:00
38196,2024-03-01T00:00:00
38197,2024-03-01T00:00:00
38199,2024-03-01T00:00:00
38200,2024-03-01T00:00:00
38201,2024-03-01T00:00:00
38202,2024-03-01T00:00:00
38204,2024-03-01T00:00:00
38205,2024-03-01T00:00:00
38206,2024-03-01T00:00:00
38207,2024-03-01T00:00:00
38209,2024-03-01T00:00:00
38210,2024-03-01T00:00:00
38211,2024-03-01T00:00:00
38213,2024-03-01T00:00:00
38215,2024-03-01T00:00:00
38216,2024-04-01T00:00:00
38219,2024-03-01T00:00:00
38220,2024-04-01T00:00:00
38224,2024-03-01T00:00:00
38225,2024-03-01T00:00:00
38231,2024-03-01T00:00:00
38234,2024-03-01T00:00:00
38236,2024-03-01T00:00:00
38237,2024-03-01T00:00:00
38241,2024-03-01T00:00:00
38242,2024-04-01T00:00:00
38243,2024-03-01T00:00:00
38245,2024-03-01T00:00:00
38246,2024-03-01T00:00:00
38247,2024-04-01T00:00:00
38250,2024-03-01T00:00:00
38252,2024-03-01T00:00:00
38253,2024-03-01T00:00:00
38254,2024-04-01T00:00:00
38256,2024-03-01T00:00:00
38257,2024-03-01T00:00:00
38258,2024-03-01T00:00:00
38260,2024-03-01T00:00:00
38261,2024-03-01T00:00:00
38263,2024-03-01T00:00:00
38264,2024-03-01T00:00:00
38265,2024-03-01T00:00:00
38266,2024-03-01T00:00:00
38267,2024-03-01T00:00:00
38268,2024-03-01T00:00:00
38270,2024-03-01T00:00:00
38271,2024-03-01T00:00:00
38273,2024-03-01T00:00:00
38274,2024-03-01T00:00:00
38275,2024-03-01T00:00:00
38277,2024-03-01T00:00:00
38278,2024-04-01T00:00:00
38279,2024-03-01T00:00:00
38281,2024-03-01T00:00:00
38282,2024-04-01T00:00:00
38283,2024-03-01T00:00:00
38284,2024-03-01T00:00:00
38285,2024-03-01T00:00:00
38286,2024-03-01T00:00:00
38287,2024-03-01T00:00:00
38289,2024-03-01T00:00:00
38290,2024-03-01T00:00:00
38291,2024-03-01T00:00:00
38292,2024-04-01T00:00:00
38293,2024-04-01T00:00:00
38294,2024-03-01T00:00:00
38295,2024-03-01T00:00:00
38298,2024-03-01T00:00:00
38302,2024-03-01T00:00:00
38303,2024-03-01T00:00:00
38304,2024-04-01T00:00:00
38305,2024-03-01T00:00:00
38306,2024-03-01T00:00:00
38308,2024-03-01T00:00:00
38309,2024-03-01T00:00:00
38312,2024-03-01T00:00:00
38314,2024-03-01T00:00:00
38316,2024-03-01T00:00:00
38319,2024-04-01T00:00:00
38320,2024-03-01T00:00:00
38321,2024-03-01T00:00:00
38322,2024-03-01T00:00:00
38323,2024-03-01T00:00:00
38324,2024-03-01T00:00:00
38325,2024-04-01T00:00:00
38326,2024-04-01T00:00:00
38327,2024-04-01T00:00:00
38328,2024-04-01T00:00:00
38329,2024-03-01T00:00:00
38330,2024-04-01T00:00:00
38331,2024-03-01T00:00:00
38332,2024-03-01T00:00:00
38333,2024-03-01T00:00:00
38335,2024-03-01T00:00:00
38336,2024-03-01T00:00:00
38337,2024-03-01T00:00:00
38339,2024-04-01T00:00:00
38342,2024-03-01T00:00:00
38343,2024-03-01T00:00:00
38344,2024-03-01T00:00:00
38345,2024-03-01T00:00:00
38346,2024-03-01T00:00:00
38347,2024-03-01T00:00:00
38348,2024-04-01T00:00:00
38349,2024-04-01T00:00:00
38350,2024-03-01T00:00:00
38351,2024-03-01T00:00:00
38354,2024-03-01T00:00:00
38355,2024-03-01T00:00:00
38356,2024-03-01T00:00:00
38357,2024-03-01T00:00:00
38359,2024-03-01T00:00:00
38360,2024-03-01T00:00:00
38361,2024-04-01T00:00:00
38362,2024-03-01T00:00:00
38363,2024-03-01T00:00:00
38364,2024-03-01T00:00:00
38366,2024-04-01T00:00:00
38367,2023-11-01T00:00:00
38368,2024-03-01T00:00:00
38369,2024-04-01T00:00:00
38370,2024-03-01T00:00:00
38371,2024-03-01T00:00:00
38373,2024-03-01T00:00:00
38374,2024-03-01T00:00:00
38375,2024-03-01T00:00:00
38376,2024-03-01T00:00:00
38377,2024-03-01T00:00:00
38379,2024-03-01T00:00:00
38380,2024-03-01T00:00:00
38385,2024-03-01T00:00:00
38387,2024-03-01T00:00:00
38388,2024-04-01T00:00:00
38389,2024-03-01T00:00:00
38391,2024-03-01T00:00:00
38392,2024-03-01T00:00:00
38394,2024-03-01T00:00:00
38395,2024-03-01T00:00:00
38396,2024-03-01T00:00:00
38397,2024-03-01T00:00:00
38398,2024-03-01T00:00:00
38399,2024-03-01T00:00:00
38400,2024-04-01T00:00:00
38401,2024-04-01T00:00:00
38402,2024-03-01T00:00:00
38403,2024-03-01T00:00:00
38404,2024-04-01T00:00:00
38405,2024-03-01T00:00:00
38406,2024-03-01T00:00:00
38407,2024-03-01T00:00:00
38412,2024-03-01T00:00:00
38413,2024-04-01T00:00:00
38414,2024-03-01T00:00:00
38415,2024-03-01T00:00:00
38417,2024-03-01T00:00:00
38418,2024-03-01T00:00:00
38419,2024-03-01T00:00:00
38421,2024-03-01T00:00:00
38426,2024-04-01T00:00:00
38427,2024-03-01T00:00:00
38428,2024-03-01T00:00:00
38429,2024-03-01T00:00:00
38430,2024-03-01T00:00:00
38431,2024-03-01T00:00:00
38433,2024-03-01T00:00:00
38434,2024-04-01T00:00:00
38435,2023-11-01T00:00:00
38436,2024-03-01T00:00:00
38437,2024-03-01T00:00:00
38438,2024-03-01T00:00:00
38439,2024-03-01T00:00:00
38443,2024-03-01T00:00:00
38445,2024-03-01T00:00:00
38446,2024-03-01T00:00:00
38447,2024-03-01T00:00:00
38449,2024-03-01T00:00:00
38450,2024-03-01T00:00:00
38452,2024-03-01T00:00:00
38453,2024-03-01T00:00:00
38454,2024-04-01T00:00:00
38455,2024-03-01T00:00:00
38456,2024-03-01T00:00:00
38457,2024-03-01T00:00:00
38458,2024-03-01T00:00:00
38460,2024-04-01T00:00:00
38461,2024-03-01T00:00:00
38464,2024-03-01T00:00:00
38465,2024-04-01T00:00:00
38466,2024-04-01T00:00:00
38467,2024-03-01T00:00:00
38468,2024-04-01T00:00:00
38469,2024-03-01T00:00:00
38470,2024-03-01T00:00:00
38472,2024-03-01T00:00:00
38474,2024-03-01T00:00:00
38475,2024-03-01T00:00:00
38477,2024-03-01T00:00:00
38478,2024-03-01T00:00:00
38479,2024-04-01T00:00:00
38480,2024-03-01T00:00:00
38481,2024-03-01T00:00:00
38482,2024-03-01T00:00:00
38484,2024-03-01T00:00:00
38485,2024-04-01T00:00:00
38486,2024-03-01T00:00:00
38487,2024-03-01T00:00:00
38488,2024-04-01T00:00:00
38489,2024-04-01T00:00:00
38490,2024-03-01T00:00:00
38491,2024-03-01T00:00:00
38492,2024-03-01T00:00:00
38493,2024-04-01T00:00:00
38494,2024-03-01T00:00:00
38495,2024-03-01T00:00:00
38496,2024-03-01T00:00:00
38497,2024-03-01T00:00:00
38498,2024-04-01T00:00:00
38499,2024-04-01T00:00:00
38500,2024-03-01T00:00:00
38501,2023-11-01T00:00:00
38502,2024-03-01T00:00:00
38503,2024-03-01T00:00:00
38504,2024-03-01T00:00:00
38505,2024-03-01T00:00:00
38506,2024-03-01T00:00:00
38507,2024-03-01T00:00:00
38509,2024-03-01T00:00:00
38510,2024-03-01T00:00:00
38511,2024-03-01T00:00:00
38512,2024-03-01T00:00:00
38513,2024-03-01T00:00:00
38514,2024-04-01T00:00:00
38515,2024-04-01T00:00:00
38516,2024-03-01T00:00:00
38517,2024-03-01T00:00:00
38518,2024-03-01T00:00:00
38519,2024-04-01T00:00:00
38520,2024-03-01T00:00:00
38521,2024-03-01T00:00:00
38522,2024-03-01T00:00:00
38523,2024-03-01T00:00:00
38524,2023-11-01T00:00:00
38525,2024-03-01T00:00:00
38526,2024-04-01T00:00:00
38528,2023-11-01T00:00:00
38529,2024-03-01T00:00:00
38530,2024-04-01T00:00:00
38532,2024-03-01T00:00:00
38533,2024-03-01T00:00:00
38534,2024-03-01T00:00:00
38537,2024-03-01T00:00:00
38538,2024-03-01T00:00:00
38539,2024-03-01T00:00:00
38540,2024-03-01T00:00:00
38541,2024-03-01T00:00:00
38543,2024-04-01T00:00:00
38544,2024-03-01T00:00:00
38545,2024-03-01T00:00:00
38547,2023-11-01T00:00:00
38548,2024-03-01T00:00:00
38549,2024-03-01T00:00:00
38550,2023-11-01T00:00:00
38551,2023-11-01T00:00:00
38552,2024-04-01T00:00:00
38553,2024-04-01T00:00:00
38554,2024-03-01T00:00:00
38555,2024-03-01T00:00:00
38556,2024-03-01T00:00:00
38559,2024-04-01T00:00:00
38560,2024-03-01T00:00:00
38561,2024-03-01T00:00:00
38563,2024-03-01T00:00:00
38564,2024-03-01T00:00:00
38565,2024-03-01T00:00:00
38566,2024-03-01T00:00:00
38567,2024-04-01T00:00:00
38568,2024-03-01T00:00:00
38569,2024-03-01T00:00:00
38570,2024-03-01T00:00:00
38571,2024-03-01T00:00:00
38572,2024-03-01T00:00:00
38573,2024-03-01T00:00:00
38574,2024-03-01T00:00:00
38575,2024-03-01T00:00:00
38576,2024-04-01T00:00:00
38578,2024-03-01T00:00:00
38580,2024-03-01T00:00:00
38581,2024-03-01T00:00:00
38582,2024-03-01T00:00:00
38586,2024-04-01T00:00:00
38589,2024-03-01T00:00:00
38590,2024-03-01T00:00:00
38591,2024-03-01T00:00:00
38592,2024-03-01T00:00:00
38593,2024-03-01T00:00:00
38595,2024-03-01T00:00:00
38597,2024-04-01T00:00:00
38599,2024-03-01T00:00:00
38600,2024-03-01T00:00:00
38601,2024-03-01T00:00:00
38602,2024-04-01T00:00:00
38603,2024-04-01T00:00:00
38605,2024-03-01T00:00:00
38606,2024-03-01T00:00:00
38607,2024-04-01T00:00:00
38608,2024-04-01T00:00:00
38609,2023-11-01T00:00:00
38611,2024-04-01T00:00:00
38612,2024-03-01T00:00:00
38613,2024-03-01T00:00:00
38614,2024-03-01T00:00:00
38616,2024-03-01T00:00:00
38617,2024-04-01T00:00:00
38618,2024-03-01T00:00:00
38619,2024-03-01T00:00:00
38620,2024-03-01T00:00:00
38621,2024-03-01T00:00:00
38624,2023-11-01T00:00:00
38625,2024-03-01T00:00:00
38627,2023-11-01T00:00:00
38628,2024-03-01T00:00:00
38629,2023-11-01T00:00:00
38630,2024-03-01T00:00:00
38631,2024-03-01T00:00:00
38632,2024-03-01T00:00:00
38633,2024-03-01T00:00:00
38634,2024-03-01T00:00:00
38636,2024-03-01T00:00:00
38637,2024-03-01T00:00:00
38638,2024-03-01T00:00:00
38639,2024-03-01T00:00:00
38640,2024-03-01T00:00:00
38641,2024-03-01T00:00:00
38642,2024-03-01T00:00:00
38643,2024-03-01T00:00:00
38645,2024-03-01T00:00:00
38646,2024-04-01T00:00:00
38649,2024-03-01T00:00:00
38651,2024-03-01T00:00:00
38652,2024-03-01T00:00:00
38653,2024-03-01T00:00:00
38654,2024-03-01T00:00:00
38656,2024-03-01T00:00:00
38657,2024-03-01T00:00:00
38658,2024-03-01T00:00:00
38659,2024-03-01T00:00:00
38660,2024-03-01T00:00:00
38661,2024-03-01T00:00:00
38663,2024-03-01T00:00:00
38664,2024-03-01T00:00:00
38665,2024-03-01T00:00:00
38666,2024-04-01T00:00:00
38667,2024-04-01T00:00:00
38669,2024-03-01T00:00:00
38670,2024-04-01T00:00:00
38671,2024-03-01T00:00:00
38672,2024-03-01T00:00:00
38673,2024-03-01T00:00:00
38674,2024-03-01T00:00:00
38675,2024-03-01T00:00:00
38676,2024-03-01T00:00:00
38677,2024-03-01T00:00:00
38678,2024-03-01T00:00:00
38679,2024-03-01T00:00:00
38680,2024-03-01T00:00:00
38681,2024-03-01T00:00:00
38682,2024-04-01T00:00:00
38683,2024-03-01T00:00:00
38684,2024-03-01T00:00:00
38685,2024-03-01T00:00:00
38686,2024-03-01T00:00:00
38687,2024-04-01T00:00:00
38689,2024-03-01T00:00:00
38690,2024-03-01T00:00:00
38692,2024-03-01T00:00:00
38693,2024-04-01T00:00:00
38694,2024-03-01T00:00:00
38696,2024-04-01T00:00:00
38697,2024-03-01T00:00:00
38698,2024-03-01T00:00:00
38699,2024-03-01T00:00:00
38700,2024-03-01T00:00:00
38701,2024-03-01T00:00:00
38702,2024-03-01T00:00:00
38705,2024-04-01T00:00:00
38707,2024-03-01T00:00:00
38708,2024-03-01T00:00:00
38710,2024-03-01T00:00:00
38711,2024-03-01T00:00:00
38712,2024-03-01T00:00:00
38713,2024-03-01T00:00:00
38715,2024-03-01T00:00:00
38716,2024-03-01T00:00:00
38717,2024-03-01T00:00:00
38718,2024-03-01T00:00:00
38719,2024-04-01T00:00:00
38721,2024-03-01T00:00:00
38722,2024-04-01T00:00:00
38723,2024-03-01T00:00:00
38724,2024-04-01T00:00:00
38725,2024-03-01T00:00:00
38726,2024-03-01T00:00:00
38727,2024-04-01T00:00:00
38728,2024-04-01T00:00:00
38729,2024-03-01T00:00:00
38730,2024-03-01T00:00:00
38732,2024-03-01T00:00:00
38733,2024-03-01T00:00:00
38734,2024-03-01T00:00:00
38735,2024-03-01T00:00:00
38738,2024-03-01T00:00:00
38739,2024-04-01T00:00:00
38740,2024-03-01T00:00:00
38741,2024-03-01T00:00:00
38743,2024-04-01T00:00:00
38744,2024-03-01T00:00:00
38745,2023-11-01T00:00:00
38749,2024-04-01T00:00:00
38751,2024-03-01T00:00:00
38752,2024-03-01T00:00:00
38753,2024-03-01T00:00:00
38754,2024-03-01T00:00:00
38755,2024-03-01T00:00:00
38757,2024-03-01T00:00:00
38758,2024-03-01T00:00:00
38759,2024-04-01T00:00:00
38761,2024-04-01T00:00:00
38762,2024-03-01T00:00:00
38766,2024-03-01T00:00:00
38767,2024-04-01T00:00:00
38771,2024-03-01T00:00:00
38773,2024-03-01T00:00:00
38775,2024-04-01T00:00:00
38776,2024-04-01T00:00:00
38779,2024-04-01T00:00:00
38780,2024-03-01T00:00:00
38783,2024-04-01T00:00:00
38784,2024-03-01T00:00:00
38785,2024-03-01T00:00:00
38786,2024-03-01T00:00:00
38787,2024-03-01T00:00:00
38788,2024-03-01T00:00:00
38790,2024-03-01T00:00:00
38791,2024-03-01T00:00:00
38796,2024-03-01T00:00:00
38798,2024-04-01T00:00:00
38799,2024-03-01T00:00:00
38800,2024-04-01T00:00:00
38801,2024-03-01T00:00:00
38805,2024-03-01T00:00:00
38806,2024-03-01T00:00:00
38807,2024-03-01T00:00:00
38809,2024-03-01T00:00:00
38811,2024-04-01T00:00:00
38813,2024-04-01T00:00:00
38814,2024-04-01T00:00:00
38818,2024-03-01T00:00:00
38821,2024-03-01T00:00:00
38822,2024-04-01T00:00:00
38825,2024-03-01T00:00:00
38826,2024-03-01T00:00:00
38827,2024-03-01T00:00:00
38829,2024-03-01T00:00:00
38832,2024-03-01T00:00:00
38833,2024-04-01T00:00:00
38834,2024-03-01T00:00:00
38835,2024-04-01T00:00:00
38839,2024-04-01T00:00:00
38840,2024-03-01T00:00:00
38841,2024-04-01T00:00:00
38842,2024-04-01T00:00:00
38843,2024-04-01T00:00:00
38844,2024-04-01T00:00:00
38846,2024-04-01T00:00:00
38854,2024-04-01T00:00:00
7600,2025-09-24T00:00:00
7650,2025-07-31T00:00:00
7853,2025-07-31T00:00:00
7902,2025-07-31T00:00:00
7904,2025-09-24T00:00:00
7905,2025-07-31T00:00:00
7908,2025-07-31T00:00:00
7956,2025-09-24T00:00:00
8000,2025-07-31T00:00:00
8271,2025-07-31T00:00:00
8275,2025-07-03T00:00:00
8279,2025-07-31T00:00:00
8284,2025-07-31T00:00:00
8287,2025-07-31T00:00:00
8299,2025-07-31T00:00:00
8301,2025-08-27T00:00:00
8302,2025-07-31T00:00:00
8304,2025-07-31T00:00:00
8310,2025-09-24T00:00:00
8316,2025-07-31T00:00:00
8320,2025-07-31T00:00:00
8325,2025-07-03T00:00:00
8327,2025-09-24T00:00:00
8331,2025-08-27T00:00:00
8332,2025-06-12T00:00:00
8340,2025-09-24T00:00:00
8342,2025-07-31T00:00:00
8344,2025-07-31T00:00:00
8347,2025-09-24T00:00:00
8366,2025-08-27T00:00:00
8370,2025-07-31T00:00:00
8377,2025-07-31T00:00:00
8386,2025-07-03T00:00:00
8388,2025-07-31T00:00:00
8392,2025-07-31T00:00:00
8401,2025-07-31T00:00:00
8405,2025-07-03T00:00:00
8409,2025-07-31T00:00:00
8414,2025-09-24T00:00:00
8419,2025-07-31T00:00:00
8431,2025-09-24T00:00:00
8438,2025-07-31T00:00:00
8449,2025-07-31T00:00:00
8451,2025-07-31T00:00:00
8454,2025-07-03T00:00:00
8466,2025-08-11T00:00:00
8482,2025-07-31T00:00:00
8490,2025-07-31T00:00:00
8494,2025-07-31T00:00:00
8495,2025-07-31T00:00:00
8496,2025-08-11T00:00:00
8513,2025-07-31T00:00:00
8515,2025-09-24T00:00:00
8522,2025-07-31T00:00:00
8543,2025-09-24T00:00:00
8545,2025-08-11T00:00:00
8549,2025-07-03T00:00:00
8553,2025-07-31T00:00:00
8569,2025-07-31T00:00:00
8579,2025-07-03T00:00:00
8587,2025-09-24T00:00:00
8589,2025-07-31T00:00:00
8612,2025-07-31T00:00:00
8618,2025-07-03T00:00:00
8635,2025-09-24T00:00:00
8641,2025-07-03T00:00:00
8655,2025-07-03T00:00:00
8668,2025-07-31T00:00:00
8681,2025-07-31T00:00:00
8683,2025-07-03T00:00:00
8692,2025-07-31T00:00:00
8696,2025-07-31T00:00:00
8707,2025-07-31T00:00:00
8716,2025-08-11T00:00:00
8720,2025-07-31T00:00:00
8721,2025-07-03T00:00:00
8734,2025-08-27T00:00:00
8735,2025-07-03T00:00:00
8737,2025-07-03T00:00:00
8742,2025-09-10T00:00:00
8743,2025-07-31T00:00:00
8746,2025-07-31T00:00:00
8751,2025-07-31T00:00:00
8754,2025-08-11T00:00:00
8765,2025-10-01T00:00:00
8770,2025-07-31T00:00:00
8779,2025-07-31T00:00:00
8780,2025-07-31T00:00:00
8782,2025-09-24T00:00:00
8784,2025-07-03T00:00:00
8788,2025-07-03T00:00:00
8793,2025-07-31T00:00:00
8799,2025-07-31T00:00:00
8801,2025-07-31T00:00:00
8810,2025-08-27T00:00:00
8816,2025-07-31T00:00:00
8826,2025-08-11T00:00:00
8833,2025-09-24T00:00:00
8850,2025-07-03T00:00:00
8866,2025-07-31T00:00:00
8868,2025-07-31T00:00:00
8879,2025-09-24T00:00:00
8880,2025-07-31T00:00:00
8881,2025-09-24T00:00:00
8882,2025-07-31T00:00:00
8887,2025-07-31T00:00:00
8897,2025-07-31T00:00:00
8899,2025-07-03T00:00:00
8902,2025-09-24T00:00:00
8903,2025-08-27T00:00:00
8915,2025-08-11T00:00:00
8916,2025-07-03T00:00:00
8921,2025-07-31T00:00:00
8933,2025-07-31T00:00:00
8936,2025-07-31T00:00:00
8945,2025-07-31T00:00:00
8953,2025-07-31T00:00:00
8955,2025-07-31T00:00:00
8971,2025-07-31T00:00:00
8980,2025-08-27T00:00:00
8983,2025-07-31T00:00:00
8984,2025-07-31T00:00:00
8990,2025-07-31T00:00:00
8996,2025-07-31T00:00:00
8998,2025-09-24T00:00:00
9000,2025-07-03T00:00:00
9002,2025-07-31T00:00:00
9004,2025-07-31T00:00:00
9024,2025-08-27T00:00:00
9030,2025-09-24T00:00:00
9043,2025-08-27T00:00:00
9083,2025-07-31T00:00:00
9095,2025-07-31T00:00:00
9105,2025-08-27T00:00:00
9116,2025-07-31T00:00:00
9131,2025-07-31T00:00:00
9142,2025-09-24T00:00:00
9145,2025-07-03T00:00:00
9171,2025-07-03T00:00:00
9174,2025-08-11T00:00:00
9179,2025-07-31T00:00:00
9181,2025-09-24T00:00:00
9187,2025-08-27T00:00:00
9200,2025-09-24T00:00:00
9202,2025-09-24T00:00:00
9206,2025-07-31T00:00:00
9212,2025-10-01T00:00:00
9223,2025-07-31T00:00:00
9229,2025-07-31T00:00:00
9245,2025-07-31T00:00:00
9247,2025-08-27T00:00:00
9250,2025-07-31T00:00:00
9254,2025-09-24T00:00:00
9258,2025-09-24T00:00:00
9261,2025-08-27T00:00:00
9267,2025-09-24T00:00:00
9271,2025-09-24T00:00:00
9275,2025-07-31T00:00:00
9287,2025-07-03T00:00:00
9289,2025-08-27T00:00:00
9290,2025-07-31T00:00:00
9302,2025-08-27T00:00:00
9305,2025-07-31T00:00:00
9307,2025-09-24T00:00:00
9310,2025-07-31T00:00:00
9325,2025-08-27T00:00:00
9337,2025-07-03T00:00:00
9351,2025-07-31T00:00:00
9354,2025-08-27T00:00:00
9357,2025-07-31T00:00:00
9412,2025-08-27T00:00:00
9433,2025-07-03T00:00:00
9465,2025-07-31T00:00:00
9544,2025-07-31T00:00:00
9625,2025-08-27T00:00:00
9656,2025-09-24T00:00:00
9693,2025-07-03T00:00:00
9716,2025-07-31T00:00:00
9737,2025-07-31T00:00:00
9887,2025-07-31T00:00:00
9901,2025-07-31T00:00:00
9977,2025-08-11T00:00:00
9998,2025-07-03T00:00:00
10039,2025-07-31T00:00:00
10172,2025-08-11T00:00:00
10212,2025-08-11T00:00:00
10340,2025-09-10T00:00:00
10617,2025-07-03T00:00:00
10785,2025-09-24T00:00:00
10865,2025-09-10T00:00:00
11850,2025-07-31T00:00:00
12383,2025-08-11T00:00:00
12490,2025-07-31T00:00:00
12940,2025-08-27T00:00:00
13404,2025-07-31T00:00:00
13747,2025-08-11T00:00:00
15872,2025-08-11T00:00:00
16028,2025-07-03T00:00:00
16102,2025-08-11T00:00:00
16666,2025-08-27T00:00:00
16700,2025-10-01T00:00:00
16852,2025-07-03T00:00:00
17281,2025-07-03T00:00:00
17319,2025-07-31T00:00:00
17339,2025-07-31T00:00:00
17443,2025-10-01T00:00:00
17459,2025-07-31T00:00:00
17487,2025-08-11T00:00:00
17716,2025-07-03T00:00:00
17796,2025-07-31T00:00:00
17913,2025-07-03T00:00:00
17936,2025-08-11T00:00:00
17957,2025-07-31T00:00:00
18372,2025-07-31T00:00:00
18653,2025-07-03T00:00:00
19798,2025-08-27T00:00:00
19811,2025-08-27T00:00:00
19872,2025-10-01T00:00:00
20559,2025-07-31T00:00:00
20593,2025-09-24T00:00:00
20689,2025-08-11T00:00:00
20719,2025-09-24T00:00:00
21392,2025-07-31T00:00:00
21451,2025-07-31T00:00:00
21879,2025-08-11T00:00:00
22426,2025-08-27T00:00:00
22469,2025-08-11T00:00:00
22951,2025-07-31T00:00:00
23481,2025-09-24T00:00:00
23525,2025-09-24T00:00:00
23718,2025-08-11T00:00:00
23942,2025-09-24T00:00:00
24156,2025-07-31T00:00:00
24469,2025-07-31T00:00:00
25020,2025-08-11T00:00:00
25481,2025-09-24T00:00:00
25587,2025-08-11T00:00:00
25610,2025-08-11T00:00:00
26056,2025-08-11T00:00:00
26208,2025-08-11T00:00:00
26315,2025-07-31T00:00:00
26450,2025-08-11T00:00:00
26459,2025-07-31T00:00:00
26569,2025-09-10T00:00:00
26641,2025-07-03T00:00:00
26664,2025-07-31T00:00:00
26729,2025-08-11T00:00:00
26794,2025-08-11T00:00:00
26889,2025-09-24T00:00:00
26966,2025-07-31T00:00:00
27097,2025-07-31T00:00:00
27246,2025-08-11T00:00:00
27932,2025-07-03T00:00:00
28210,2025-08-11T00:00:00
29764,2025-08-11T00:00:00
30213,2025-08-11T00:00:00
30214,2025-08-11T00:00:00
30223,2025-08-11T00:00:00
31142,2025-08-11T00:00:00
31512,2025-08-11T00:00:00
31675,2025-08-11T00:00:00
31707,2025-08-11T00:00:00
32019,2025-07-31T00:00:00
33079,2025-08-11T00:00:00
33435,2025-08-11T00:00:00
33537,2025-08-11T00:00:00
33704,2025-08-11T00:00:00
33706,2025-08-11T00:00:00
33963,2025-08-11T00:00:00
33967,2025-07-31T00:00:00
34020,2025-08-11T00:00:00
34134,2025-08-11T00:00:00
34364,2025-08-11T00:00:00
34371,2025-08-11T00:00:00
34544,2025-07-31T00:00:00
34860,2025-08-11T00:00:00
34863,2025-08-11T00:00:00
34924,2025-08-11T00:00:00
35106,2025-08-11T00:00:00
35125,2025-08-11T00:00:00
35131,2025-08-11T00:00:00
35238,2025-09-24T00:00:00
35244,2025-09-10T00:00:00
35276,2025-09-24T00:00:00
35283,2025-08-11T00:00:00
35465,2025-08-11T00:00:00
35719,2025-08-11T00:00:00
35838,2025-09-10T00:00:00
35970,2025-09-24T00:00:00
36056,2025-08-27T00:00:00
36061,2025-08-11T00:00:00
36140,2025-08-11T00:00:00
36571,2025-08-11T00:00:00
36829,2025-07-31T00:00:00
36901,2025-08-27T00:00:00
36923,2025-07-31T00:00:00
36926,2025-07-31T00:00:00
36984,2025-08-11T00:00:00
37018,2025-08-11T00:00:00
37041,2025-07-31T00:00:00
37112,2025-08-11T00:00:00
37220,2025-07-31T00:00:00
37284,2025-07-31T00:00:00
37323,2025-08-27T00:00:00
37380,2025-07-31T00:00:00
37383,2025-08-27T00:00:00
37416,2025-08-27T00:00:00
37422,2025-07-31T00:00:00
37429,2025-07-31T00:00:00
37443,2025-07-31T00:00:00
37444,2025-09-24T00:00:00
37486,2025-07-31T00:00:00
37489,2025-07-31T00:00:00
37506,2025-08-11T00:00:00
37508,2025-09-10T00:00:00
37512,2025-07-31T00:00:00
37517,2025-08-27T00:00:00
37520,2025-09-24T00:00:00
37525,2025-07-03T00:00:00
37532,2025-08-11T00:00:00
37542,2025-08-11T00:00:00
37607,2025-08-11T00:00:00
37612,2025-07-31T00:00:00
37658,2025-07-31T00:00:00
37671,2025-08-27T00:00:00
37702,2025-07-31T00:00:00
37713,2025-09-10T00:00:00
37714,2025-08-11T00:00:00
37719,2025-07-31T00:00:00
37750,2025-08-11T00:00:00
37771,2025-08-11T00:00:00
37773,2025-08-11T00:00:00
37788,2025-07-31T00:00:00
37830,2025-08-11T00:00:00
37833,2025-08-11T00:00:00
37880,2025-07-31T00:00:00
37917,2025-07-31T00:00:00
37962,2025-09-10T00:00:00
37986,2025-09-24T00:00:00
37992,2025-08-11T00:00:00
38014,2025-08-27T00:00:00
38073,2025-08-27T00:00:00
38081,2025-07-03T00:00:00
38096,2025-08-11T00:00:00
38105,2025-07-31T00:00:00
38112,2025-09-24T00:00:00
38127,2025-08-11T00:00:00
38142,2025-08-11T00:00:00
38166,2025-07-31T00:00:00
38185,2025-07-31T00:00:00
38214,2025-07-31T00:00:00
38222,2025-09-24T00:00:00
38230,2025-07-31T00:00:00
38244,2025-08-11T00:00:00
38288,2025-09-24T00:00:00
38296,2025-07-31T00:00:00
38301,2025-08-11T00:00:00
38307,2025-09-24T00:00:00
38313,2025-08-11T00:00:00
38386,2025-08-11T00:00:00
38393,2025-08-11T00:00:00
38420,2025-08-11T00:00:00
38441,2025-08-11T00:00:00
38442,2025-08-11T00:00:00
38459,2025-09-10T00:00:00
38462,2025-09-24T00:00:00
38463,2025-07-03T00:00:00
38473,2025-07-31T00:00:00
38476,2025-08-11T00:00:00
38508,2025-08-11T00:00:00
38542,2025-07-31T00:00:00
38558,2025-09-24T00:00:00
38562,2025-07-31T00:00:00
38588,2025-08-11T00:00:00
38594,2025-08-11T00:00:00
38622,2025-08-27T00:00:00
38709,2025-08-11T00:00:00
38731,2025-07-03T00:00:00
38736,2025-08-11T00:00:00
38750,2025-07-03T00:00:00
38760,2025-07-31T00:00:00
38772,2025-07-31T00:00:00
38802,2025-08-11T00:00:00
38819,2025-07-31T00:00:00
38830,2025-08-11T00:00:00
38852,2025-08-11T00:00:00
38856,2025-07-31T00:00:00
38862,2025-08-11T00:00:00
38871,2025-07-03T00:00:00
38872,2025-08-11T00:00:00
38873,2025-07-03T00:00:00
38874,2025-07-31T00:00:00