personId;city;cityNew;flag
3891900390;Andalucía -Valle;Andalucía - Valle Del Cauca;SI
3900217466;Andalucía -Valle;Andalucía - Valle Del Cauca;SI
3901371395;Andalucía -Valle;Andalucía - Valle Del Cauca;SI
3901369365;Armenia -Quindio;Armenia - Quindío;SI
3801001676;Armenia -Quindio;Armenia - Quindío;SI
3901592047;Armenia -Quindio;Armenia - Quindío;SI
3900488961;Armenia -Quindio;Armenia - Quindío;SI
39733979;Armenia -Quindio;Armenia - Quindío;SI
3890003838;Armenia -Quindio;Armenia - Quindío;SI
3890001662;Armenia -Quindio;Armenia - Quindío;SI
3901109290;Armenia -Quindio;Armenia - Quindío;SI
3901559759;Armenia -Quindio;Armenia - Quindío;SI
3900488489;Armenia -Quindio;Armenia - Quindío;SI
3901547675;Armenia -Quindio;Armenia - Quindío;SI
3890307682;Armenia -Quindio;Armenia - Quindío;SI
3901207129;Armenia -Quindio;Armenia - Quindío;SI
3801004063;Armenia -Quindio;Armenia - Quindío;SI
3830095035;Bagadó -Choco;Bagadó - Chocó;SI
3890111175;Barranquilla -Atlantico;Barranquilla - Atlántico;SI
3900107992;Barranquilla -Atlantico;Barranquilla - Atlántico;SI
3900548985;Barranquilla -Atlantico;Barranquilla - Atlántico;SI
3901395237;Barranquilla -Atlantico;Barranquilla - Atlántico;SI
3900177052;Barranquilla -Atlantico;Barranquilla - Atlántico;SI
3900518605;Barranquilla -Atlantico;Barranquilla - Atlántico;SI
3800137059;Barranquilla -Atlantico;Barranquilla - Atlántico;SI
3900386516;Barranquilla -Atlantico;Barranquilla - Atlántico;SI
3800031358;Barranquilla -Atlantico;Barranquilla - Atlántico;SI
3900785215;Bogotá-Bogota D.C.;Bogotá, D.C. - Bogotá;SI
3830073841;Bogotá-Bogota D.C.;Bogotá, D.C. - Bogotá;SI
3901123451;Bogotá-Bogota D.C.;Bogotá, D.C. - Bogotá;SI
3900459157;Bogotá-Bogota D.C.;Bogotá, D.C. - Bogotá;SI
3860530559;Bogotá-Bogota D.C.;Bogotá, D.C. - Bogotá;SI
3901000057;Bogotá-Bogota D.C.;Bogotá, D.C. - Bogotá;SI
3900532663;Bogotá-Bogota D.C.;Bogotá, D.C. - Bogotá;SI
3900909397;Bogotá-Bogota D.C.;Bogotá, D.C. - Bogotá;SI
3830054581;Bogotá-Bogota D.C.;Bogotá, D.C. - Bogotá;SI
3901474491;Bogotá-Bogota D.C.;Bogotá, D.C. - Bogotá;SI
3900024602;Bogotá-Bogota D.C.;Bogotá, D.C. - Bogotá;SI
3860058831;Bogotá-Bogota D.C.;Bogotá, D.C. - Bogotá;SI
3900148470;Bogotá-Bogota D.C.;Bogotá, D.C. - Bogotá;SI
3900991912;Bogotá-Bogota D.C.;Bogotá, D.C. - Bogotá;SI
3860001615;Bogotá-Bogota D.C.;Bogotá, D.C. - Bogotá;SI
3900260317;Bogotá-Bogota D.C.;Bogotá, D.C. - Bogotá;SI
3860531602;Bogotá-Bogota D.C.;Bogotá, D.C. - Bogotá;SI
3901073314;Bogotá-Bogota D.C.;Bogotá, D.C. - Bogotá;SI
3900339467;Bogotá-Bogota D.C.;Bogotá, D.C. - Bogotá;SI
3901021294;Bogotá-Bogota D.C.;Bogotá, D.C. - Bogotá;SI
3800244319;Bogotá-Bogota D.C.;Bogotá, D.C. - Bogotá;SI
3901514822;Bogotá-Bogota D.C.;Bogotá, D.C. - Bogotá;SI
3901074152;Bogotá-Bogota D.C.;Bogotá, D.C. - Bogotá;SI
3830508846;Bogotá-Bogota D.C.;Bogotá, D.C. - Bogotá;SI
3900119390;Bogotá-Bogota D.C.;Bogotá, D.C. - Bogotá;SI
3800180390;Bogotá-Bogota D.C.;Bogotá, D.C. - Bogotá;SI
3900341241;Bogotá-Bogota D.C.;Bogotá, D.C. - Bogotá;SI
3900298510;Bogotá-Bogota D.C.;Bogotá, D.C. - Bogotá;SI
3900462686;Bogotá-Bogota D.C.;Bogotá, D.C. - Bogotá;SI
3830051924;Bogotá-Bogota D.C.;Bogotá, D.C. - Bogotá;SI
3830000556;Bogotá-Bogota D.C.;Bogotá, D.C. - Bogotá;SI
3900645079;Bogotá-Bogota D.C.;Bogotá, D.C. - Bogotá;SI
3901044911;Bogotá-Bogota D.C.;Bogotá, D.C. - Bogotá;SI
3900014559;Bogotá-Bogota D.C.;Bogotá, D.C. - Bogotá;SI
3901354300;Bogotá-Bogota D.C.;Bogotá, D.C. - Bogotá;SI
3900296271;Bogotá-Bogota D.C.;Bogotá, D.C. - Bogotá;SI
3900497713;Bogotá-Bogota D.C.;Bogotá, D.C. - Bogotá;SI
3900159568;Bogotá-Bogota D.C.;Bogotá, D.C. - Bogotá;SI
3900313728;Bogotá-Bogota D.C.;Bogotá, D.C. - Bogotá;SI
3830094598;Bogotá-Bogota D.C.;Bogotá, D.C. - Bogotá;SI
3830104746;Bogotá-Bogota D.C.;Bogotá, D.C. - Bogotá;SI
3900134635;Bogotá-Bogota D.C.;Bogotá, D.C. - Bogotá;SI
3901513194;Bogotá-Bogota D.C.;Bogotá, D.C. - Bogotá;SI
3900426171;Bogotá-Bogota D.C.;Bogotá, D.C. - Bogotá;SI
3800134597;Bogotá-Bogota D.C.;Bogotá, D.C. - Bogotá;SI
3900192581;Bogotá-Bogota D.C.;Bogotá, D.C. - Bogotá;SI
3900687495;Bogotá-Bogota D.C.;Bogotá, D.C. - Bogotá;SI
3830111586;Bogotá-Bogota D.C.;Bogotá, D.C. - Bogotá;SI
3900529038;Bogotá-Bogota D.C.;Bogotá, D.C. - Bogotá;SI
3900410496;Bogotá-Bogota D.C.;Bogotá, D.C. - Bogotá;SI
3901323496;Bogotá-Bogota D.C.;Bogotá, D.C. - Bogotá;SI
3900671116;Bogotá-Bogota D.C.;Bogotá, D.C. - Bogotá;SI
3830500828;Bogotá-Bogota D.C.;Bogotá, D.C. - Bogotá;SI
3900420787;Bogotá-Bogota D.C.;Bogotá, D.C. - Bogotá;SI
3900396961;Bogotá-Bogota D.C.;Bogotá, D.C. - Bogotá;SI
3900517405;Bogotá-Bogota D.C.;Bogotá, D.C. - Bogotá;SI
3901364667;Bogotá-Bogota D.C.;Bogotá, D.C. - Bogotá;SI
3830096060;Bogotá-Bogota D.C.;Bogotá, D.C. - Bogotá;SI
3901055828;Bogotá-Bogota D.C.;Bogotá, D.C. - Bogotá;SI
3900838988;Bogotá-Bogota D.C.;Bogotá, D.C. - Bogotá;SI
3800105031;Bogotá-Bogota D.C.;Bogotá, D.C. - Bogotá;SI
3860024529;Bogotá-Bogota D.C.;Bogotá, D.C. - Bogotá;SI
3901162580;Bogotá-Bogota D.C.;Bogotá, D.C. - Bogotá;SI
3900759329;Bogotá-Bogota D.C.;Bogotá, D.C. - Bogotá;SI
3805002491;Bogotá-Bogota D.C.;Bogotá, D.C. - Bogotá;SI
3900026312;Bogotá-Bogota D.C.;Bogotá, D.C. - Bogotá;SI
3900335765;Bogotá-Bogota D.C.;Bogotá, D.C. - Bogotá;SI
3901367806;Bogotá-Bogota D.C.;Bogotá, D.C. - Bogotá;SI
3900700927;Bogotá-Bogota D.C.;Bogotá, D.C. - Bogotá;SI
3830038561;Bogotá-Bogota D.C.;Bogotá, D.C. - Bogotá;SI
3900489160;Bogotá-Bogota D.C.;Bogotá, D.C. - Bogotá;SI
3900900403;Bogotá-Bogota D.C.;Bogotá, D.C. - Bogotá;SI
3901226533;Bogotá-Bogota D.C.;Bogotá, D.C. - Bogotá;SI
3900543902;Bogotá-Bogota D.C.;Bogotá, D.C. - Bogotá;SI
3900418024;Bogotá-Bogota D.C.;Bogotá, D.C. - Bogotá;SI
3860506419;Bogotá-Bogota D.C.;Bogotá, D.C. - Bogotá;SI
3900112573;Bogotá-Bogota D.C.;Bogotá, D.C. - Bogotá;SI
3890211325;Bogotá-Bogota D.C.;Bogotá, D.C. - Bogotá;SI
3900599033;Bogotá-Bogota D.C.;Bogotá, D.C. - Bogotá;SI
3900789008;Bogotá-Bogota D.C.;Bogotá, D.C. - Bogotá;SI
3901159715;Bogotá-Bogota D.C.;Bogotá, D.C. - Bogotá;SI
3890108661;Bogotá-Bogota D.C.;Bogotá, D.C. - Bogotá;SI
3830071212;Bogotá-Bogota D.C.;Bogotá, D.C. - Bogotá;SI
3901326839;Bogotá-Bogota D.C.;Bogotá, D.C. - Bogotá;SI
3900889430;Bogotá-Bogota D.C.;Bogotá, D.C. - Bogotá;SI
3900655519;Bogotá-Bogota D.C.;Bogotá, D.C. - Bogotá;SI
3901298356;Bogotá-Bogota D.C.;Bogotá, D.C. - Bogotá;SI
3900298745;Bogotá-Bogota D.C.;Bogotá, D.C. - Bogotá;SI
3900057203;Bogotá-Bogota D.C.;Bogotá, D.C. - Bogotá;SI
3900208201;Bogotá-Bogota D.C.;Bogotá, D.C. - Bogotá;SI
3900756735;Bogotá-Bogota D.C.;Bogotá, D.C. - Bogotá;SI
3860076919;Bogotá-Bogota D.C.;Bogotá, D.C. - Bogotá;SI
3900266949;Bogotá-Bogota D.C.;Bogotá, D.C. - Bogotá;SI
3900297138;Bogotá-Bogota D.C.;Bogotá, D.C. - Bogotá;SI
3900339379;Bogotá-Bogota D.C.;Bogotá, D.C. - Bogotá;SI
3900933604;Bogotá-Bogota D.C.;Bogotá, D.C. - Bogotá;SI
3900675804;Bogotá-Bogota D.C.;Bogotá, D.C. - Bogotá;SI
3830092876;Bogotá-Bogota D.C.;Bogotá, D.C. - Bogotá;SI
3860506714;Bogotá-Bogota D.C.;Bogotá, D.C. - Bogotá;SI
3860030168;Bogotá-Bogota D.C.;Bogotá, D.C. - Bogotá;SI
3900508010;Bogotá-Bogota D.C.;Bogotá, D.C. - Bogotá;SI
3830069311;Bogotá-Bogota D.C.;Bogotá, D.C. - Bogotá;SI
3901459927;Bogotá-Bogota D.C.;Bogotá, D.C. - Bogotá;SI
3860517560;Bogotá-Bogota D.C.;Bogotá, D.C. - Bogotá;SI
3901372026;Bogotá-Bogota D.C.;Bogotá, D.C. - Bogotá;SI
3900444014;Bogotá-Bogota D.C.;Bogotá, D.C. - Bogotá;SI
3800052674;Bogotá-Bogota D.C.;Bogotá, D.C. - Bogotá;SI
3901320666;Bogotá-Bogota D.C.;Bogotá, D.C. - Bogotá;SI
3901602453;Bogotá-Bogota D.C.;Bogotá, D.C. - Bogotá;SI
3900947157;Bogotá-Bogota D.C.;Bogotá, D.C. - Bogotá;SI
3860001697;Bogotá-Bogota D.C.;Bogotá, D.C. - Bogotá;SI
3860040584;Bogotá-Bogota D.C.;Bogotá, D.C. - Bogotá;SI
3811036744;Bogotá-Bogota D.C.;Bogotá, D.C. - Bogotá;SI
3900310014;Bogotá-Bogota D.C.;Bogotá, D.C. - Bogotá;SI
3900479195;Bogotá-Bogota D.C.;Bogotá, D.C. - Bogotá;SI
3800028582;Bogotá-Bogota D.C.;Bogotá, D.C. - Bogotá;SI
3900432381;Bogotá-Bogota D.C.;Bogotá, D.C. - Bogotá;SI
3800013331;Bogotá-Bogota D.C.;Bogotá, D.C. - Bogotá;SI
3900099727;Bogotá-Bogota D.C.;Bogotá, D.C. - Bogotá;SI
3830090655;Bogotá-Bogota D.C.;Bogotá, D.C. - Bogotá;SI
3901259996;Bogotá-Bogota D.C.;Bogotá, D.C. - Bogotá;SI
3901177272;Bogotá-Bogota D.C.;Bogotá, D.C. - Bogotá;SI
3900098524;Bogotá-Bogota D.C.;Bogotá, D.C. - Bogotá;SI
3900173896;Bogotá-Bogota D.C.;Bogotá, D.C. - Bogotá;SI
3900741776;Bogotá-Bogota D.C.;Bogotá, D.C. - Bogotá;SI
3830097026;Bogotá-Bogota D.C.;Bogotá, D.C. - Bogotá;SI
3900291811;Bogotá-Bogota D.C.;Bogotá, D.C. - Bogotá;SI
3860023264;Bogotá-Bogota D.C.;Bogotá, D.C. - Bogotá;SI
3901110888;Bogotá-Bogota D.C.;Bogotá, D.C. - Bogotá;SI
3901337208;Bogotá-Bogota D.C.;Bogotá, D.C. - Bogotá;SI
3900900122;Bogotá-Bogota D.C.;Bogotá, D.C. - Bogotá;SI
3900185361;Bogotá-Bogota D.C.;Bogotá, D.C. - Bogotá;SI
3800155565;Bogotá-Bogota D.C.;Bogotá, D.C. - Bogotá;SI
3901268508;Bogotá-Bogota D.C.;Bogotá, D.C. - Bogotá;SI
3900150640;Bogotá-Bogota D.C.;Bogotá, D.C. - Bogotá;SI
3830109367;Bogotá-Bogota D.C.;Bogotá, D.C. - Bogotá;SI
3900133093;Bogotá-Bogota D.C.;Bogotá, D.C. - Bogotá;SI
3900265987;Bogotá-Bogota D.C.;Bogotá, D.C. - Bogotá;SI
3900490972;Bogotá-Bogota D.C.;Bogotá, D.C. - Bogotá;SI
3819000939;Bogotá-Bogota D.C.;Bogotá, D.C. - Bogotá;SI
3901438665;Bogotá-Bogota D.C.;Bogotá, D.C. - Bogotá;SI
3901002898;Bogotá-Bogota D.C.;Bogotá, D.C. - Bogotá;SI
3900953824;Bogotá-Bogota D.C.;Bogotá, D.C. - Bogotá;SI
3900320775;Bogotá-Bogota D.C.;Bogotá, D.C. - Bogotá;SI
3900372820;Bogotá-Bogota D.C.;Bogotá, D.C. - Bogotá;SI
3900418527;Bogotá-Bogota D.C.;Bogotá, D.C. - Bogotá;SI
3830048209;Bogotá-Bogota D.C.;Bogotá, D.C. - Bogotá;SI
3901371473;Bogotá-Bogota D.C.;Bogotá, D.C. - Bogotá;SI
3830041080;Bogotá-Bogota D.C.;Bogotá, D.C. - Bogotá;SI
3800126785;Bogotá-Bogota D.C.;Bogotá, D.C. - Bogotá;SI
3901744793;Bogotá-Bogota D.C.;Bogotá, D.C. - Bogotá;SI
3901488444;Bogotá-Bogota D.C.;Bogotá, D.C. - Bogotá;SI
3900766127;Bogotá-Bogota D.C.;Bogotá, D.C. - Bogotá;SI
3900090889;Bogotá-Bogota D.C.;Bogotá, D.C. - Bogotá;SI
3901254696;Bogotá-Bogota D.C.;Bogotá, D.C. - Bogotá;SI
3901104737;Bogotá-Bogota D.C.;Bogotá, D.C. - Bogotá;SI
3901554678;Bogotá-Bogota D.C.;Bogotá, D.C. - Bogotá;SI
3830030281;Bogotá-Bogota D.C.;Bogotá, D.C. - Bogotá;SI
3900519083;Bogotá-Bogota D.C.;Bogotá, D.C. - Bogotá;SI
3900605844;Bogotá-Bogota D.C.;Bogotá, D.C. - Bogotá;SI
3900932375;Bogotá-Bogota D.C.;Bogotá, D.C. - Bogotá;SI
3900411302;Bogotá-Bogota D.C.;Bogotá, D.C. - Bogotá;SI
3900215262;Bogotá-Bogota D.C.;Bogotá, D.C. - Bogotá;SI
3860501682;Bogotá-Bogota D.C.;Bogotá, D.C. - Bogotá;SI
3830015914;Bogotá-Bogota D.C.;Bogotá, D.C. - Bogotá;SI
3900611904;Bogotá-Bogota D.C.;Bogotá, D.C. - Bogotá;SI
3830062025;Bogotá-Bogota D.C.;Bogotá, D.C. - Bogotá;SI
3900829470;Bogotá-Bogota D.C.;Bogotá, D.C. - Bogotá;SI
3901272353;Bogotá-Bogota D.C.;Bogotá, D.C. - Bogotá;SI
3860076394;Bogotá-Bogota D.C.;Bogotá, D.C. - Bogotá;SI
3900339362;Bogotá-Bogota D.C.;Bogotá, D.C. - Bogotá;SI
3890930545;Bogotá-Bogota D.C.;Bogotá, D.C. - Bogotá;SI
3900446865;Bogotá-Bogota D.C.;Bogotá, D.C. - Bogotá;SI
3800060159;Bogotá-Bogota D.C.;Bogotá, D.C. - Bogotá;SI
3830514597;Bogotá-Bogota D.C.;Bogotá, D.C. - Bogotá;SI
3900059215;Bogotá-Bogota D.C.;Bogotá, D.C. - Bogotá;SI
3900849269;Bogotá-Bogota D.C.;Bogotá, D.C. - Bogotá;SI
3830083351;Bogotá-Bogota D.C.;Bogotá, D.C. - Bogotá;SI
3900680003;Bogotá-Bogota D.C.;Bogotá, D.C. - Bogotá;SI
3900415025;Bogotá-Bogota D.C.;Bogotá, D.C. - Bogotá;SI
3830002366;Bogotá-Bogota D.C.;Bogotá, D.C. - Bogotá;SI
3900710052;Bogotá-Bogota D.C.;Bogotá, D.C. - Bogotá;SI
3900446446;Bogotá-Bogota D.C.;Bogotá, D.C. - Bogotá;SI
3860534244;Bogotá-Bogota D.C.;Bogotá, D.C. - Bogotá;SI
3901277240;Bogotá-Bogota D.C.;Bogotá, D.C. - Bogotá;SI
3901085449;Bogotá-Bogota D.C.;Bogotá, D.C. - Bogotá;SI
3900428531;Bogotá-Bogota D.C.;Bogotá, D.C. - Bogotá;SI
3900691502;Bogotá-Bogota D.C.;Bogotá, D.C. - Bogotá;SI
3901242663;Bogotá-Bogota D.C.;Bogotá, D.C. - Bogotá;SI
3900940227;Bogotá-Bogota D.C.;Bogotá, D.C. - Bogotá;SI
3900192711;Bogotá-Bogota D.C.;Bogotá, D.C. - Bogotá;SI
3900807456;Bogotá-Bogota D.C.;Bogotá, D.C. - Bogotá;SI
3900509538;Bogotá-Bogota D.C.;Bogotá, D.C. - Bogotá;SI
3830048588;Bogotá-Bogota D.C.;Bogotá, D.C. - Bogotá;SI
3900606345;Bogotá-Bogota D.C.;Bogotá, D.C. - Bogotá;SI
3830043342;Bogotá-Bogota D.C.;Bogotá, D.C. - Bogotá;SI
3860515802;Bogotá-Bogota D.C.;Bogotá, D.C. - Bogotá;SI
3900175904;Bogotá-Bogota D.C.;Bogotá, D.C. - Bogotá;SI
3900752302;Bogotá-Bogota D.C.;Bogotá, D.C. - Bogotá;SI
3832006795;Bogotá-Bogota D.C.;Bogotá, D.C. - Bogotá;SI
3900414079;Bogotá-Bogota D.C.;Bogotá, D.C. - Bogotá;SI
3800165142;Bogotá-Bogota D.C.;Bogotá, D.C. - Bogotá;SI
3901592515;Bogotá-Bogota D.C.;Bogotá, D.C. - Bogotá;SI
3901133629;Bogotá-Bogota D.C.;Bogotá, D.C. - Bogotá;SI
3900640669;Bogotá-Bogota D.C.;Bogotá, D.C. - Bogotá;SI
3860353462;Bogotá-Bogota D.C.;Bogotá, D.C. - Bogotá;SI
3901447306;Bogotá-Bogota D.C.;Bogotá, D.C. - Bogotá;SI
3900942454;Bogotá-Bogota D.C.;Bogotá, D.C. - Bogotá;SI
3900377800;Bogotá-Bogota D.C.;Bogotá, D.C. - Bogotá;SI
3860010527;Bogotá-Bogota D.C.;Bogotá, D.C. - Bogotá;SI
3860003956;Bogotá-Bogota D.C.;Bogotá, D.C. - Bogotá;SI
3830088215;Bogotá-Bogota D.C.;Bogotá, D.C. - Bogotá;SI
3900409686;Bogotá-Bogota D.C.;Bogotá, D.C. - Bogotá;SI
3900852805;Bogotá-Bogota D.C.;Bogotá, D.C. - Bogotá;SI
3900232695;Bogotá-Bogota D.C.;Bogotá, D.C. - Bogotá;SI
3901233489;Bogotá-Bogota D.C.;Bogotá, D.C. - Bogotá;SI
3800202271;Bogotá-Bogota D.C.;Bogotá, D.C. - Bogotá;SI
3901072109;Bogotá-Bogota D.C.;Bogotá, D.C. - Bogotá;SI
3900394217;Bogotá-Bogota D.C.;Bogotá, D.C. - Bogotá;SI
3900394396;Bogotá-Bogota D.C.;Bogotá, D.C. - Bogotá;SI
3901433463;Bogotá-Bogota D.C.;Bogotá, D.C. - Bogotá;SI
3800024040;Bogotá-Bogota D.C.;Bogotá, D.C. - Bogotá;SI
3830117064;Bogotá-Bogota D.C.;Bogotá, D.C. - Bogotá;SI
3900692633;Bogotá-Bogota D.C.;Bogotá, D.C. - Bogotá;SI
3830079006;Bogotá-Bogota D.C.;Bogotá, D.C. - Bogotá;SI
3900964733;Bogotá-Bogota D.C.;Bogotá, D.C. - Bogotá;SI
3830125404;Bogotá-Bogota D.C.;Bogotá, D.C. - Bogotá;SI
3901399874;Bogotá-Bogota D.C.;Bogotá, D.C. - Bogotá;SI
3900495143;Bogotá-Bogota D.C.;Bogotá, D.C. - Bogotá;SI
3900013518;Bogotá-Bogota D.C.;Bogotá, D.C. - Bogotá;SI
3800201048;Bogotá-Bogota D.C.;Bogotá, D.C. - Bogotá;SI
3830082693;Bogotá-Bogota D.C.;Bogotá, D.C. - Bogotá;SI
3830074603;Bogotá-Bogota D.C.;Bogotá, D.C. - Bogotá;SI
3830008439;Bogotá-Bogota D.C.;Bogotá, D.C. - Bogotá;SI
3830014588;Bogotá-Bogota D.C.;Bogotá, D.C. - Bogotá;SI
3830512304;Bogotá-Bogota D.C.;Bogotá, D.C. - Bogotá;SI
3900547399;Bogotá-Bogota D.C.;Bogotá, D.C. - Bogotá;SI
3830035631;Bogotá-Bogota D.C.;Bogotá, D.C. - Bogotá;SI
3860028019;Bogotá-Bogota D.C.;Bogotá, D.C. - Bogotá;SI
3830030986;Bogotá-Bogota D.C.;Bogotá, D.C. - Bogotá;SI
3860042521;Bogotá-Bogota D.C.;Bogotá, D.C. - Bogotá;SI
3800162553;Bogotá-Bogota D.C.;Bogotá, D.C. - Bogotá;SI
3901415627;Bogotá-Bogota D.C.;Bogotá, D.C. - Bogotá;SI
3900699599;Bogotá-Bogota D.C.;Bogotá, D.C. - Bogotá;SI
3860068802;Bogotá-Bogota D.C.;Bogotá, D.C. - Bogotá;SI
3900883351;Bogotá-Bogota D.C.;Bogotá, D.C. - Bogotá;SI
3900440416;Bogotá-Bogota D.C.;Bogotá, D.C. - Bogotá;SI
3800167076;Bogotá-Bogota D.C.;Bogotá, D.C. - Bogotá;SI
3900830812;Bogotá-Bogota D.C.;Bogotá, D.C. - Bogotá;SI
3900848064;Bogotá-Bogota D.C.;Bogotá, D.C. - Bogotá;SI
3900436352;Bogotá-Bogota D.C.;Bogotá, D.C. - Bogotá;SI
3830092453;Bogotá-Bogota D.C.;Bogotá, D.C. - Bogotá;SI
3900746053;Bogotá-Bogota D.C.;Bogotá, D.C. - Bogotá;SI
3900860682;Bogotá-Bogota D.C.;Bogotá, D.C. - Bogotá;SI
3830050372;Bogotá-Bogota D.C.;Bogotá, D.C. - Bogotá;SI
3900462897;Bogotá-Bogota D.C.;Bogotá, D.C. - Bogotá;SI
3800214054;Bogotá-Bogota D.C.;Bogotá, D.C. - Bogotá;SI
3830095617;Bogotá-Bogota D.C.;Bogotá, D.C. - Bogotá;SI
3901038530;Bogotá-Bogota D.C.;Bogotá, D.C. - Bogotá;SI
3830092981;Bogotá-Bogota D.C.;Bogotá, D.C. - Bogotá;SI
3800121665;Bogotá-Bogota D.C.;Bogotá, D.C. - Bogotá;SI
3900236791;Bogotá-Bogota D.C.;Bogotá, D.C. - Bogotá;SI
3901221960;Bogotá-Bogota D.C.;Bogotá, D.C. - Bogotá;SI
3900338755;Bogotá-Bogota D.C.;Bogotá, D.C. - Bogotá;SI
3900321419;Bogotá-Bogota D.C.;Bogotá, D.C. - Bogotá;SI
3800064114;Bogotá-Bogota D.C.;Bogotá, D.C. - Bogotá;SI
3800188588;Bogotá-Bogota D.C.;Bogotá, D.C. - Bogotá;SI
3901546061;Bogotá-Bogota D.C.;Bogotá, D.C. - Bogotá;SI
3901285037;Bogotá-Bogota D.C.;Bogotá, D.C. - Bogotá;SI
3830019204;Bogotá-Bogota D.C.;Bogotá, D.C. - Bogotá;SI
3900604130;Bogotá-Bogota D.C.;Bogotá, D.C. - Bogotá;SI
3901501779;Bogotá-Bogota D.C.;Bogotá, D.C. - Bogotá;SI
3900621255;Bogotá-Bogota D.C.;Bogotá, D.C. - Bogotá;SI
3901097814;Bogotá-Bogota D.C.;Bogotá, D.C. - Bogotá;SI
3900649605;Bogotá-Bogota D.C.;Bogotá, D.C. - Bogotá;SI
3900501354;Bogotá-Bogota D.C.;Bogotá, D.C. - Bogotá;SI
3900088596;Bogotá-Bogota D.C.;Bogotá, D.C. - Bogotá;SI
3830083670;Bogotá-Bogota D.C.;Bogotá, D.C. - Bogotá;SI
3900186088;Bogotá-Bogota D.C.;Bogotá, D.C. - Bogotá;SI
3900089149;Bogotá-Bogota D.C.;Bogotá, D.C. - Bogotá;SI
3800185039;Bogotá-Bogota D.C.;Bogotá, D.C. - Bogotá;SI
3900601674;Bogotá-Bogota D.C.;Bogotá, D.C. - Bogotá;SI
3900113804;Bogotá-Bogota D.C.;Bogotá, D.C. - Bogotá;SI
3901152084;Bogotá-Bogota D.C.;Bogotá, D.C. - Bogotá;SI
3802018747;Bogotá-Bogota D.C.;Bogotá, D.C. - Bogotá;SI
3901322006;Bogotá-Bogota D.C.;Bogotá, D.C. - Bogotá;SI
3800112024;Bogotá-Bogota D.C.;Bogotá, D.C. - Bogotá;SI
3860069284;Bogotá-Bogota D.C.;Bogotá, D.C. - Bogotá;SI
3899999063;Bogotá-Bogota D.C.;Bogotá, D.C. - Bogotá;SI
3860507710;Bogotá-Bogota D.C.;Bogotá, D.C. - Bogotá;SI
3900803340;Bogotá-Bogota D.C.;Bogotá, D.C. - Bogotá;SI
3860527960;Bogotá-Bogota D.C.;Bogotá, D.C. - Bogotá;SI
3860000122;Bogotá-Bogota D.C.;Bogotá, D.C. - Bogotá;SI
3900126863;Bogotá-Bogota D.C.;Bogotá, D.C. - Bogotá;SI
3900404734;Bogotá-Bogota D.C.;Bogotá, D.C. - Bogotá;SI
3900664679;Bogotá-Bogota D.C.;Bogotá, D.C. - Bogotá;SI
3830137106;Bogotá-Bogota D.C.;Bogotá, D.C. - Bogotá;SI
3800199818;Bogotá-Bogota D.C.;Bogotá, D.C. - Bogotá;SI
3901271801;Bogotá-Bogota D.C.;Bogotá, D.C. - Bogotá;SI
3900325433;Bogotá-Bogota D.C.;Bogotá, D.C. - Bogotá;SI
3900910625;Bogotá-Bogota D.C.;Bogotá, D.C. - Bogotá;SI
3830053894;Bogotá-Bogota D.C.;Bogotá, D.C. - Bogotá;SI
3860048626;Bogotá-Bogota D.C.;Bogotá, D.C. - Bogotá;SI
3830079389;Bogotá-Bogota D.C.;Bogotá, D.C. - Bogotá;SI
3800126471;Bogotá-Bogota D.C.;Bogotá, D.C. - Bogotá;SI
3830001007;Bogotá-Bogota D.C.;Bogotá, D.C. - Bogotá;SI
3830091549;Bogotá-Bogota D.C.;Bogotá, D.C. - Bogotá;SI
3900129090;Bogotá-Bogota D.C.;Bogotá, D.C. - Bogotá;SI
3900346428;Bogotá-Bogota D.C.;Bogotá, D.C. - Bogotá;SI
3900391722;Bogotá-Bogota D.C.;Bogotá, D.C. - Bogotá;SI
3804010418;Bogotá-Bogota D.C.;Bogotá, D.C. - Bogotá;SI
3830040574;Bogotá-Bogota D.C.;Bogotá, D.C. - Bogotá;SI
3900758435;Bogotá-Bogota D.C.;Bogotá, D.C. - Bogotá;SI
3900535717;Bogotá-Bogota D.C.;Bogotá, D.C. - Bogotá;SI
3900444852;Bogotá-Bogota D.C.;Bogotá, D.C. - Bogotá;SI
3830144683;Bogotá-Bogota D.C.;Bogotá, D.C. - Bogotá;SI
3800188491;Bogotá-Bogota D.C.;Bogotá, D.C. - Bogotá;SI
3900389855;Bogotá-Bogota D.C.;Bogotá, D.C. - Bogotá;SI
3900966185;Bogotá-Bogota D.C.;Bogotá, D.C. - Bogotá;SI
3900511471;Bogotá-Bogota D.C.;Bogotá, D.C. - Bogotá;SI
3800219371;Bogotá-Bogota D.C.;Bogotá, D.C. - Bogotá;SI
3901458872;Bogotá-Bogota D.C.;Bogotá, D.C. - Bogotá;SI
3900131393;Bogotá-Bogota D.C.;Bogotá, D.C. - Bogotá;SI
3901107537;Bogotá-Bogota D.C.;Bogotá, D.C. - Bogotá;SI
3900364630;Bogotá-Bogota D.C.;Bogotá, D.C. - Bogotá;SI
3901158757;Bogotá-Bogota D.C.;Bogotá, D.C. - Bogotá;SI
3830117701;Bogotá-Bogota D.C.;Bogotá, D.C. - Bogotá;SI
3830058272;Bogotá-Bogota D.C.;Bogotá, D.C. - Bogotá;SI
3900359214;Bogotá-Bogota D.C.;Bogotá, D.C. - Bogotá;SI
3900391152;Bogotá-Bogota D.C.;Bogotá, D.C. - Bogotá;SI
3900311811;Bogotá-Bogota D.C.;Bogotá, D.C. - Bogotá;SI
3901367951;Bogotá-Bogota D.C.;Bogotá, D.C. - Bogotá;SI
3860074389;Bogotá-Bogota D.C.;Bogotá, D.C. - Bogotá;SI
3800201166;Bogotá-Bogota D.C.;Bogotá, D.C. - Bogotá;SI
3900690706;Bogotá-Bogota D.C.;Bogotá, D.C. - Bogotá;SI
3900600015;Bogotá-Bogota D.C.;Bogotá, D.C. - Bogotá;SI
3900300733;Bogotá-Bogota D.C.;Bogotá, D.C. - Bogotá;SI
3860527527;Bogotá-Bogota D.C.;Bogotá, D.C. - Bogotá;SI
3900805127;Bogotá-Bogota D.C.;Bogotá, D.C. - Bogotá;SI
3830073458;Bogotá-Bogota D.C.;Bogotá, D.C. - Bogotá;SI
3800234195;Bogotá-Bogota D.C.;Bogotá, D.C. - Bogotá;SI
3901196994;Bogotá-Bogota D.C.;Bogotá, D.C. - Bogotá;SI
3800095951;Bogotá-Bogota D.C.;Bogotá, D.C. - Bogotá;SI
3901156358;Bogotá-Bogota D.C.;Bogotá, D.C. - Bogotá;SI
3900501888;Bogotá-Bogota D.C.;Bogotá, D.C. - Bogotá;SI
3860532057;Bogotá-Bogota D.C.;Bogotá, D.C. - Bogotá;SI
3900333610;Bogotá-Bogota D.C.;Bogotá, D.C. - Bogotá;SI
3830140505;Bogotá-Bogota D.C.;Bogotá, D.C. - Bogotá;SI
3901193700;Bogotá-Bogota D.C.;Bogotá, D.C. - Bogotá;SI
3830513763;Bogotá-Bogota D.C.;Bogotá, D.C. - Bogotá;SI
3901423451;Bogotá-Bogota D.C.;Bogotá, D.C. - Bogotá;SI
3900556971;Bogotá-Bogota D.C.;Bogotá, D.C. - Bogotá;SI
3900428711;Bogotá-Bogota D.C.;Bogotá, D.C. - Bogotá;SI
3830102080;Bogotá-Bogota D.C.;Bogotá, D.C. - Bogotá;SI
3860052980;Bogotá-Bogota D.C.;Bogotá, D.C. - Bogotá;SI
3901028248;Bogotá-Bogota D.C.;Bogotá, D.C. - Bogotá;SI
3830104409;Bogotá-Bogota D.C.;Bogotá, D.C. - Bogotá;SI
3900632594;Bogotá-Bogota D.C.;Bogotá, D.C. - Bogotá;SI
3900458998;Bogotá-Bogota D.C.;Bogotá, D.C. - Bogotá;SI
3800089040;Bogotá-Bogota D.C.;Bogotá, D.C. - Bogotá;SI
3901317228;Bogotá-Bogota D.C.;Bogotá, D.C. - Bogotá;SI
3830002655;Bogotá-Bogota D.C.;Bogotá, D.C. - Bogotá;SI
3901023168;Bogotá-Bogota D.C.;Bogotá, D.C. - Bogotá;SI
3900268066;Bogotá-Bogota D.C.;Bogotá, D.C. - Bogotá;SI
3900882759;Bogotá-Bogota D.C.;Bogotá, D.C. - Bogotá;SI
3900566554;Bogotá-Bogota D.C.;Bogotá, D.C. - Bogotá;SI
3901502015;Bogotá-Bogota D.C.;Bogotá, D.C. - Bogotá;SI
3899999062;Bogotá-Bogota D.C.;Bogotá, D.C. - Bogotá;SI
3900356956;Bogotá-Bogota D.C.;Bogotá, D.C. - Bogotá;SI
3901129021;Bogotá-Bogota D.C.;Bogotá, D.C. - Bogotá;SI
3860518299;Bogotá-Bogota D.C.;Bogotá, D.C. - Bogotá;SI
3900335279;Bogotá-Bogota D.C.;Bogotá, D.C. - Bogotá;SI
3860025674;Bogotá-Bogota D.C.;Bogotá, D.C. - Bogotá;SI
3901106297;Bogotá-Bogota D.C.;Bogotá, D.C. - Bogotá;SI
3901111843;Bogotá-Bogota D.C.;Bogotá, D.C. - Bogotá;SI
3830127357;Bogotá-Bogota D.C.;Bogotá, D.C. - Bogotá;SI
3900109900;Bogotá-Bogota D.C.;Bogotá, D.C. - Bogotá;SI
3844000518;Bogotá-Bogota D.C.;Bogotá, D.C. - Bogotá;SI
3900535131;Bogotá-Bogota D.C.;Bogotá, D.C. - Bogotá;SI
3800251569;Bogotá-Bogota D.C.;Bogotá, D.C. - Bogotá;SI
3832001912;Bogotá-Bogota D.C.;Bogotá, D.C. - Bogotá;SI
3860065656;Bogotá-Bogota D.C.;Bogotá, D.C. - Bogotá;SI
3901578044;Bogotá-Bogota D.C.;Bogotá, D.C. - Bogotá;SI
3800203984;Bogotá-Bogota D.C.;Bogotá, D.C. - Bogotá;SI
3830116000;Bogotá-Bogota D.C.;Bogotá, D.C. - Bogotá;SI
3900128917;Bogotá-Bogota D.C.;Bogotá, D.C. - Bogotá;SI
3901362561;Bogotá-Bogota D.C.;Bogotá, D.C. - Bogotá;SI
3901274741;Bogotá-Bogota D.C.;Bogotá, D.C. - Bogotá;SI
3900435931;Bogotá-Bogota D.C.;Bogotá, D.C. - Bogotá;SI
3860033653;Bogotá-Bogota D.C.;Bogotá, D.C. - Bogotá;SI
3901116909;Bogotá-Bogota D.C.;Bogotá, D.C. - Bogotá;SI
3900608408;Bogotá-Bogota D.C.;Bogotá, D.C. - Bogotá;SI
3900244521;Bogotá-Bogota D.C.;Bogotá, D.C. - Bogotá;SI
3901184407;Bogotá-Bogota D.C.;Bogotá, D.C. - Bogotá;SI
3901459244;Bogotá-Bogota D.C.;Bogotá, D.C. - Bogotá;SI
3900409736;Bogotá-Bogota D.C.;Bogotá, D.C. - Bogotá;SI
3900303169;Bogotá-Bogota D.C.;Bogotá, D.C. - Bogotá;SI
3830103458;Bogotá-Bogota D.C.;Bogotá, D.C. - Bogotá;SI
3900966969;Bogotá-Bogota D.C.;Bogotá, D.C. - Bogotá;SI
3830034400;Bogotá-Bogota D.C.;Bogotá, D.C. - Bogotá;SI
3900222435;Bogotá-Bogota D.C.;Bogotá, D.C. - Bogotá;SI
3830001337;Bogotá-Bogota D.C.;Bogotá, D.C. - Bogotá;SI
3900972833;Bogotá-Bogota D.C.;Bogotá, D.C. - Bogotá;SI
3901593057;Bogotá-Bogota D.C.;Bogotá, D.C. - Bogotá;SI
3900542971;Bogotá-Bogota D.C.;Bogotá, D.C. - Bogotá;SI
3830030964;Bogotá-Bogota D.C.;Bogotá, D.C. - Bogotá;SI
3900550189;Bogotá-Bogota D.C.;Bogotá, D.C. - Bogotá;SI
3901327959;Bogotá-Bogota D.C.;Bogotá, D.C. - Bogotá;SI
3900640601;Bogotá-Bogota D.C.;Bogotá, D.C. - Bogotá;SI
3901390736;Bogotá-Bogota D.C.;Bogotá, D.C. - Bogotá;SI
3900685348;Bogotá-Bogota D.C.;Bogotá, D.C. - Bogotá;SI
3900894991;Bogotá-Bogota D.C.;Bogotá, D.C. - Bogotá;SI
3900649119;Bogotá-Bogota D.C.;Bogotá, D.C. - Bogotá;SI
3900604997;Bogotá-Bogota D.C.;Bogotá, D.C. - Bogotá;SI
3830043648;Bogotá-Bogota D.C.;Bogotá, D.C. - Bogotá;SI
3800066758;Bogotá-Bogota D.C.;Bogotá, D.C. - Bogotá;SI
3800155875;Bogotá-Bogota D.C.;Bogotá, D.C. - Bogotá;SI
3830098200;Bogotá-Bogota D.C.;Bogotá, D.C. - Bogotá;SI
3890800718;Bogotá-Bogota D.C.;Bogotá, D.C. - Bogotá;SI
3900424715;Bogotá-Bogota D.C.;Bogotá, D.C. - Bogotá;SI
3890500726;Bogotá-Bogota D.C.;Bogotá, D.C. - Bogotá;SI
3830104572;Bogotá-Bogota D.C.;Bogotá, D.C. - Bogotá;SI
3900468628;Bogotá-Bogota D.C.;Bogotá, D.C. - Bogotá;SI
3900148698;Bogotá-Bogota D.C.;Bogotá, D.C. - Bogotá;SI
3900349429;Bogotá-Bogota D.C.;Bogotá, D.C. - Bogotá;SI
3900366070;Bogotá-Bogota D.C.;Bogotá, D.C. - Bogotá;SI
3900649985;Bogotá-Bogota D.C.;Bogotá, D.C. - Bogotá;SI
3900712241;Bogotá-Bogota D.C.;Bogotá, D.C. - Bogotá;SI
3900857160;Bogotá-Bogota D.C.;Bogotá, D.C. - Bogotá;SI
3860049921;Bogotá-Bogota D.C.;Bogotá, D.C. - Bogotá;SI
3900076978;Bogotá-Bogota D.C.;Bogotá, D.C. - Bogotá;SI
3830061945;Bogotá-Bogota D.C.;Bogotá, D.C. - Bogotá;SI
3830098260;Bogotá-Bogota D.C.;Bogotá, D.C. - Bogotá;SI
3830125479;Bogotá-Bogota D.C.;Bogotá, D.C. - Bogotá;SI
3900509062;Bogotá-Bogota D.C.;Bogotá, D.C. - Bogotá;SI
3901076170;Bogotá-Bogota D.C.;Bogotá, D.C. - Bogotá;SI
3830088774;Bogotá-Bogota D.C.;Bogotá, D.C. - Bogotá;SI
3900181901;Bogotá-Bogota D.C.;Bogotá, D.C. - Bogotá;SI
3900170865;Bogotá-Bogota D.C.;Bogotá, D.C. - Bogotá;SI
3901649847;Bogotá-Bogota D.C.;Bogotá, D.C. - Bogotá;SI
3901127112;Bogotá-Bogota D.C.;Bogotá, D.C. - Bogotá;SI
3860002566;Bogotá-Bogota D.C.;Bogotá, D.C. - Bogotá;SI
3901427356;Bogotá-Bogota D.C.;Bogotá, D.C. - Bogotá;SI
3900341635;Bogotá-Bogota D.C.;Bogotá, D.C. - Bogotá;SI
3860079913;Bogotá-Bogota D.C.;Bogotá, D.C. - Bogotá;SI
3900508906;Bogotá-Bogota D.C.;Bogotá, D.C. - Bogotá;SI
3900666294;Bogotá-Bogota D.C.;Bogotá, D.C. - Bogotá;SI
3901153903;Bogotá-Bogota D.C.;Bogotá, D.C. - Bogotá;SI
3901269152;Bogotá-Bogota D.C.;Bogotá, D.C. - Bogotá;SI
3900160119;Bogotá-Bogota D.C.;Bogotá, D.C. - Bogotá;SI
3900295495;Bogotá-Bogota D.C.;Bogotá, D.C. - Bogotá;SI
3900650888;Bogotá-Bogota D.C.;Bogotá, D.C. - Bogotá;SI
3900664350;Bogotá-Bogota D.C.;Bogotá, D.C. - Bogotá;SI
3860069368;Bogotá-Bogota D.C.;Bogotá, D.C. - Bogotá;SI
3830117364;Bogotá-Bogota D.C.;Bogotá, D.C. - Bogotá;SI
3901027496;Bogotá-Bogota D.C.;Bogotá, D.C. - Bogotá;SI
3901359350;Bogotá-Bogota D.C.;Bogotá, D.C. - Bogotá;SI
3830083272;Bogotá-Bogota D.C.;Bogotá, D.C. - Bogotá;SI
3860065203;Bogotá-Bogota D.C.;Bogotá, D.C. - Bogotá;SI
3900078130;Bogotá-Bogota D.C.;Bogotá, D.C. - Bogotá;SI
3900194944;Bogotá-Bogota D.C.;Bogotá, D.C. - Bogotá;SI
3900253546;Bogotá-Bogota D.C.;Bogotá, D.C. - Bogotá;SI
3900651121;Bogotá-Bogota D.C.;Bogotá, D.C. - Bogotá;SI
3800145882;Bogotá-Bogota D.C.;Bogotá, D.C. - Bogotá;SI
3900298370;Bogotá-Bogota D.C.;Bogotá, D.C. - Bogotá;SI
3830118447;Bogotá-Bogota D.C.;Bogotá, D.C. - Bogotá;SI
3830098096;Bogotá-Bogota D.C.;Bogotá, D.C. - Bogotá;SI
3900662902;Bogotá-Bogota D.C.;Bogotá, D.C. - Bogotá;SI
3800191726;Bogotá-Bogota D.C.;Bogotá, D.C. - Bogotá;SI
3900304920;Bogotá-Bogota D.C.;Bogotá, D.C. - Bogotá;SI
3900367920;Bogotá-Bogota D.C.;Bogotá, D.C. - Bogotá;SI
3900239039;Bogotá-Bogota D.C.;Bogotá, D.C. - Bogotá;SI
3901091875;Bogotá-Bogota D.C.;Bogotá, D.C. - Bogotá;SI
3901371020;Bogotá-Bogota D.C.;Bogotá, D.C. - Bogotá;SI
3900661225;Bogotá-Bogota D.C.;Bogotá, D.C. - Bogotá;SI
3901667124;Bogotá-Bogota D.C.;Bogotá, D.C. - Bogotá;SI
3900183046;Bogotá-Bogota D.C.;Bogotá, D.C. - Bogotá;SI
3901267213;Bogotá-Bogota D.C.;Bogotá, D.C. - Bogotá;SI
3860066818;Bogotá-Bogota D.C.;Bogotá, D.C. - Bogotá;SI
3830005243;Bogotá-Bogota D.C.;Bogotá, D.C. - Bogotá;SI
3860060094;Bogotá-Bogota D.C.;Bogotá, D.C. - Bogotá;SI
3901523789;Bogotá-Bogota D.C.;Bogotá, D.C. - Bogotá;SI
3860450793;Bogotá-Bogota D.C.;Bogotá, D.C. - Bogotá;SI
3901344150;Bogotá-Bogota D.C.;Bogotá, D.C. - Bogotá;SI
3901112024;Bogotá-Bogota D.C.;Bogotá, D.C. - Bogotá;SI
3800210758;Bogotá-Bogota D.C.;Bogotá, D.C. - Bogotá;SI
3901514475;Bogotá-Bogota D.C.;Bogotá, D.C. - Bogotá;SI
3800009973;Bogotá-Bogota D.C.;Bogotá, D.C. - Bogotá;SI
3901184493;Bogotá-Bogota D.C.;Bogotá, D.C. - Bogotá;SI
3900925074;Bogotá-Bogota D.C.;Bogotá, D.C. - Bogotá;SI
3900424000;Bogotá-Bogota D.C.;Bogotá, D.C. - Bogotá;SI
3890322294;Bogotá-Bogota D.C.;Bogotá, D.C. - Bogotá;SI
3901369436;Bogotá-Bogota D.C.;Bogotá, D.C. - Bogotá;SI
3900657620;Bogotá-Bogota D.C.;Bogotá, D.C. - Bogotá;SI
3900596502;Bogotá-Bogota D.C.;Bogotá, D.C. - Bogotá;SI
3800137486;Bogotá-Bogota D.C.;Bogotá, D.C. - Bogotá;SI
3830125458;Bogotá-Bogota D.C.;Bogotá, D.C. - Bogotá;SI
3860020240;Bogotá-Bogota D.C.;Bogotá, D.C. - Bogotá;SI
3901167050;Bogotá-Bogota D.C.;Bogotá, D.C. - Bogotá;SI
3900974484;Bogotá-Bogota D.C.;Bogotá, D.C. - Bogotá;SI
3900556332;Bogotá-Bogota D.C.;Bogotá, D.C. - Bogotá;SI
3900997618;Bogotá-Bogota D.C.;Bogotá, D.C. - Bogotá;SI
3900734807;Bogotá-Bogota D.C.;Bogotá, D.C. - Bogotá;SI
3900147768;Bogotá-Bogota D.C.;Bogotá, D.C. - Bogotá;SI
3900613819;Bogotá-Bogota D.C.;Bogotá, D.C. - Bogotá;SI
3900390238;Bogotá-Bogota D.C.;Bogotá, D.C. - Bogotá;SI
3901133175;Bogotá-Bogota D.C.;Bogotá, D.C. - Bogotá;SI
3900078692;Bogotá-Bogota D.C.;Bogotá, D.C. - Bogotá;SI
3901157595;Bogotá-Bogota D.C.;Bogotá, D.C. - Bogotá;SI
3901310927;Bogotá-Bogota D.C.;Bogotá, D.C. - Bogotá;SI
3901497976;Bogotá-Bogota D.C.;Bogotá, D.C. - Bogotá;SI
3900501783;Bogotá-Bogota D.C.;Bogotá, D.C. - Bogotá;SI
3900017165;Bogotá-Bogota D.C.;Bogotá, D.C. - Bogotá;SI
3900509802;Bogotá-Bogota D.C.;Bogotá, D.C. - Bogotá;SI
3901585260;Bogotá-Bogota D.C.;Bogotá, D.C. - Bogotá;SI
3901341587;Bogotá-Bogota D.C.;Bogotá, D.C. - Bogotá;SI
3900616351;Bogotá-Bogota D.C.;Bogotá, D.C. - Bogotá;SI
3901068866;Bogotá-Bogota D.C.;Bogotá, D.C. - Bogotá;SI
3900661068;Bogotá-Bogota D.C.;Bogotá, D.C. - Bogotá;SI
3901378611;Bogotá-Bogota D.C.;Bogotá, D.C. - Bogotá;SI
3860055913;Bogotá-Bogota D.C.;Bogotá, D.C. - Bogotá;SI
3901418650;Bogotá-Bogota D.C.;Bogotá, D.C. - Bogotá;SI
3900450116;Bogotá-Bogota D.C.;Bogotá, D.C. - Bogotá;SI
3900959339;Bogotá-Bogota D.C.;Bogotá, D.C. - Bogotá;SI
3830010908;Bogotá-Bogota D.C.;Bogotá, D.C. - Bogotá;SI
3900620701;Bogotá-Bogota D.C.;Bogotá, D.C. - Bogotá;SI
3860058952;Bogotá-Bogota D.C.;Bogotá, D.C. - Bogotá;SI
3830051073;Bogotá-Bogota D.C.;Bogotá, D.C. - Bogotá;SI
3900814688;Bogotá-Bogota D.C.;Bogotá, D.C. - Bogotá;SI
3860048429;Bogotá-Bogota D.C.;Bogotá, D.C. - Bogotá;SI
3830075806;Bogotá-Bogota D.C.;Bogotá, D.C. - Bogotá;SI
3901298054;Bogotá-Bogota D.C.;Bogotá, D.C. - Bogotá;SI
3900430412;Bogotá-Bogota D.C.;Bogotá, D.C. - Bogotá;SI
3900179381;Bogotá-Bogota D.C.;Bogotá, D.C. - Bogotá;SI
3900130301;Bogotá-Bogota D.C.;Bogotá, D.C. - Bogotá;SI
3900653441;Bogotá-Bogota D.C.;Bogotá, D.C. - Bogotá;SI
3830029703;Bogotá-Bogota D.C.;Bogotá, D.C. - Bogotá;SI
3900571157;Bogotá-Bogota D.C.;Bogotá, D.C. - Bogotá;SI
3900784089;Bogotá-Bogota D.C.;Bogotá, D.C. - Bogotá;SI
3830117145;Bogotá-Bogota D.C.;Bogotá, D.C. - Bogotá;SI
3830097901;Bogotá-Bogota D.C.;Bogotá, D.C. - Bogotá;SI
3830500836;Bogotá-Bogota D.C.;Bogotá, D.C. - Bogotá;SI
3830000356;Bogotá-Bogota D.C.;Bogotá, D.C. - Bogotá;SI
3800028332;Bogotá-Bogota D.C.;Bogotá, D.C. - Bogotá;SI
3830101973;Bogotá-Bogota D.C.;Bogotá, D.C. - Bogotá;SI
3800058607;Bogotá-Bogota D.C.;Bogotá, D.C. - Bogotá;SI
3900988497;Bogotá-Bogota D.C.;Bogotá, D.C. - Bogotá;SI
3900417353;Bogotá-Bogota D.C.;Bogotá, D.C. - Bogotá;SI
3900766811;Bogotá-Bogota D.C.;Bogotá, D.C. - Bogotá;SI
3900591441;Bogotá-Bogota D.C.;Bogotá, D.C. - Bogotá;SI
3901372503;Bogotá-Bogota D.C.;Bogotá, D.C. - Bogotá;SI
3900874446;Bogotá-Bogota D.C.;Bogotá, D.C. - Bogotá;SI
3900989715;Bogotá-Bogota D.C.;Bogotá, D.C. - Bogotá;SI
3830073703;Bogotá-Bogota D.C.;Bogotá, D.C. - Bogotá;SI
3830124312;Bogotá-Bogota D.C.;Bogotá, D.C. - Bogotá;SI
3800231021;Bogotá-Bogota D.C.;Bogotá, D.C. - Bogotá;SI
3800137414;Bogotá-Bogota D.C.;Bogotá, D.C. - Bogotá;SI
3901108733;Bogotá-Bogota D.C.;Bogotá, D.C. - Bogotá;SI
3800227937;Bogotá-Bogota D.C.;Bogotá, D.C. - Bogotá;SI
3900301329;Bogotá-Bogota D.C.;Bogotá, D.C. - Bogotá;SI
3901143563;Bogotá-Bogota D.C.;Bogotá, D.C. - Bogotá;SI
3900700303;Bogotá-Bogota D.C.;Bogotá, D.C. - Bogotá;SI
3830134152;Bogotá-Bogota D.C.;Bogotá, D.C. - Bogotá;SI
3901126504;Bogotá-Bogota D.C.;Bogotá, D.C. - Bogotá;SI
3900881750;Bogotá-Bogota D.C.;Bogotá, D.C. - Bogotá;SI
3900693347;Bogotá-Bogota D.C.;Bogotá, D.C. - Bogotá;SI
3800142820;Bogotá-Bogota D.C.;Bogotá, D.C. - Bogotá;SI
3901543195;Bogotá-Bogota D.C.;Bogotá, D.C. - Bogotá;SI
3800086501;Bogotá-Bogota D.C.;Bogotá, D.C. - Bogotá;SI
3901701954;Bogotá-Bogota D.C.;Bogotá, D.C. - Bogotá;SI
3901230681;Bogotá-Bogota D.C.;Bogotá, D.C. - Bogotá;SI
3830024999;Bogotá-Bogota D.C.;Bogotá, D.C. - Bogotá;SI
3900383170;Bogotá-Bogota D.C.;Bogotá, D.C. - Bogotá;SI
3900630973;Bogotá-Bogota D.C.;Bogotá, D.C. - Bogotá;SI
3830120992;Bogotá-Bogota D.C.;Bogotá, D.C. - Bogotá;SI
3900625296;Bogotá-Bogota D.C.;Bogotá, D.C. - Bogotá;SI
3900222266;Bogotá-Bogota D.C.;Bogotá, D.C. - Bogotá;SI
3901206165;Bogotá-Bogota D.C.;Bogotá, D.C. - Bogotá;SI
3900732240;Bogotá-Bogota D.C.;Bogotá, D.C. - Bogotá;SI
3830077886;Bogotá-Bogota D.C.;Bogotá, D.C. - Bogotá;SI
3900439889;Bogotá-Bogota D.C.;Bogotá, D.C. - Bogotá;SI
3800034190;Bogotá-Bogota D.C.;Bogotá, D.C. - Bogotá;SI
3830507292;Bogotá-Bogota D.C.;Bogotá, D.C. - Bogotá;SI
3899999333;Bogotá-Bogota D.C.;Bogotá, D.C. - Bogotá;SI
3860064081;Bogotá-Bogota D.C.;Bogotá, D.C. - Bogotá;SI
3900468504;Bogotá-Bogota D.C.;Bogotá, D.C. - Bogotá;SI
3900745219;Bogotá-Bogota D.C.;Bogotá, D.C. - Bogotá;SI
3832011102;Bogotá-Bogota D.C.;Bogotá, D.C. - Bogotá;SI
3900424295;Bogotá-Bogota D.C.;Bogotá, D.C. - Bogotá;SI
3830053209;Bogotá-Bogota D.C.;Bogotá, D.C. - Bogotá;SI
3901160410;Bogotá-Bogota D.C.;Bogotá, D.C. - Bogotá;SI
3805020771;Bogotá-Bogota D.C.;Bogotá, D.C. - Bogotá;SI
3901281881;Bogotá-Bogota D.C.;Bogotá, D.C. - Bogotá;SI
3800096122;Bogotá-Bogota D.C.;Bogotá, D.C. - Bogotá;SI
3901526202;Bogotá-Bogota D.C.;Bogotá, D.C. - Bogotá;SI
3830121796;Bogotá-Bogota D.C.;Bogotá, D.C. - Bogotá;SI
3900219291;Bogotá-Bogota D.C.;Bogotá, D.C. - Bogotá;SI
3900200435;Bogotá-Bogota D.C.;Bogotá, D.C. - Bogotá;SI
3900496884;Bogotá-Bogota D.C.;Bogotá, D.C. - Bogotá;SI
3900085539;Bogotá-Bogota D.C.;Bogotá, D.C. - Bogotá;SI
3860533311;Bogotá-Bogota D.C.;Bogotá, D.C. - Bogotá;SI
3900174857;Bogotá-Bogota D.C.;Bogotá, D.C. - Bogotá;SI
3900697624;Bogotá-Bogota D.C.;Bogotá, D.C. - Bogotá;SI
3900354371;Bogotá-Bogota D.C.;Bogotá, D.C. - Bogotá;SI
3900539103;Bogotá-Bogota D.C.;Bogotá, D.C. - Bogotá;SI
3901206903;Bogotá-Bogota D.C.;Bogotá, D.C. - Bogotá;SI
3860403026;Bogotá-Bogota D.C.;Bogotá, D.C. - Bogotá;SI
3901258883;Bogotá-Bogota D.C.;Bogotá, D.C. - Bogotá;SI
3900534310;Bogotá-Bogota D.C.;Bogotá, D.C. - Bogotá;SI
3901359170;Bogotá-Bogota D.C.;Bogotá, D.C. - Bogotá;SI
3901464033;Bogotá-Bogota D.C.;Bogotá, D.C. - Bogotá;SI
3901221351;Bogotá-Bogota D.C.;Bogotá, D.C. - Bogotá;SI
3901081434;Bogotá-Bogota D.C.;Bogotá, D.C. - Bogotá;SI
3800063486;Bogotá-Bogota D.C.;Bogotá, D.C. - Bogotá;SI
3830012035;Bogotá-Bogota D.C.;Bogotá, D.C. - Bogotá;SI
3901342866;Bogotá-Bogota D.C.;Bogotá, D.C. - Bogotá;SI
3800230209;Bogotá-Bogota D.C.;Bogotá, D.C. - Bogotá;SI
3860517465;Bogotá-Bogota D.C.;Bogotá, D.C. - Bogotá;SI
3900165784;Bogotá-Bogota D.C.;Bogotá, D.C. - Bogotá;SI
3900208605;Bogotá-Bogota D.C.;Bogotá, D.C. - Bogotá;SI
3901265608;Bogotá-Bogota D.C.;Bogotá, D.C. - Bogotá;SI
3901554869;Bogotá-Bogota D.C.;Bogotá, D.C. - Bogotá;SI
3830002619;Bogotá-Bogota D.C.;Bogotá, D.C. - Bogotá;SI
3900986050;Bogotá-Bogota D.C.;Bogotá, D.C. - Bogotá;SI
3901487733;Bogotá-Bogota D.C.;Bogotá, D.C. - Bogotá;SI
3901140217;Bogotá-Bogota D.C.;Bogotá, D.C. - Bogotá;SI
3900718239;Bogotá-Bogota D.C.;Bogotá, D.C. - Bogotá;SI
3900672167;Bogotá-Bogota D.C.;Bogotá, D.C. - Bogotá;SI
3860005068;Bogotá-Bogota D.C.;Bogotá, D.C. - Bogotá;SI
3900844031;Bogotá-Bogota D.C.;Bogotá, D.C. - Bogotá;SI
3901032572;Bogotá-Bogota D.C.;Bogotá, D.C. - Bogotá;SI
3800179368;Bogotá-Bogota D.C.;Bogotá, D.C. - Bogotá;SI
3900161642;Bogotá-Bogota D.C.;Bogotá, D.C. - Bogotá;SI
3900069119;Bogotá-Bogota D.C.;Bogotá, D.C. - Bogotá;SI
3830069032;Bogotá-Bogota D.C.;Bogotá, D.C. - Bogotá;SI
3900842644;Bogotá-Bogota D.C.;Bogotá, D.C. - Bogotá;SI
3900962026;Bogotá-Bogota D.C.;Bogotá, D.C. - Bogotá;SI
3900164343;Bogotá-Bogota D.C.;Bogotá, D.C. - Bogotá;SI
3900305904;Bogotá-Bogota D.C.;Bogotá, D.C. - Bogotá;SI
3800040620;Bogotá-Bogota D.C.;Bogotá, D.C. - Bogotá;SI
3860007399;Bogotá-Bogota D.C.;Bogotá, D.C. - Bogotá;SI
3900119333;Bogotá-Bogota D.C.;Bogotá, D.C. - Bogotá;SI
3900859333;Bogotá-Bogota D.C.;Bogotá, D.C. - Bogotá;SI
3900266210;Bogotá-Bogota D.C.;Bogotá, D.C. - Bogotá;SI
3900931709;Bogotá-Bogota D.C.;Bogotá, D.C. - Bogotá;SI
3900668997;Bogotá-Bogota D.C.;Bogotá, D.C. - Bogotá;SI
3900919400;Bogotá-Bogota D.C.;Bogotá, D.C. - Bogotá;SI
3830041027;Bogotá-Bogota D.C.;Bogotá, D.C. - Bogotá;SI
3900462901;Bogotá-Bogota D.C.;Bogotá, D.C. - Bogotá;SI
3860020382;Bogotá-Bogota D.C.;Bogotá, D.C. - Bogotá;SI
3900368250;Bogotá-Bogota D.C.;Bogotá, D.C. - Bogotá;SI
3900694415;Bogotá-Bogota D.C.;Bogotá, D.C. - Bogotá;SI
3901471327;Bogotá-Bogota D.C.;Bogotá, D.C. - Bogotá;SI
3900064823;Bogotá-Bogota D.C.;Bogotá, D.C. - Bogotá;SI
3900571527;Bogotá-Bogota D.C.;Bogotá, D.C. - Bogotá;SI
3830131935;Bogotá-Bogota D.C.;Bogotá, D.C. - Bogotá;SI
3901143791;Bogotá-Bogota D.C.;Bogotá, D.C. - Bogotá;SI
3900710194;Bogotá-Bogota D.C.;Bogotá, D.C. - Bogotá;SI
3901399676;Bogotá-Bogota D.C.;Bogotá, D.C. - Bogotá;SI
3900348312;Bogotá-Bogota D.C.;Bogotá, D.C. - Bogotá;SI
3901055291;Bogotá-Bogota D.C.;Bogotá, D.C. - Bogotá;SI
3900820111;Bogotá-Bogota D.C.;Bogotá, D.C. - Bogotá;SI
3901168719;Bogotá-Bogota D.C.;Bogotá, D.C. - Bogotá;SI
3832003291;Bogotá-Bogota D.C.;Bogotá, D.C. - Bogotá;SI
3800164764;Bogotá-Bogota D.C.;Bogotá, D.C. - Bogotá;SI
3900849832;Bogotá-Bogota D.C.;Bogotá, D.C. - Bogotá;SI
3901375414;Bogotá-Bogota D.C.;Bogotá, D.C. - Bogotá;SI
3901013709;Bogotá-Bogota D.C.;Bogotá, D.C. - Bogotá;SI
3830136863;Bogotá-Bogota D.C.;Bogotá, D.C. - Bogotá;SI
3860402332;Bogotá-Bogota D.C.;Bogotá, D.C. - Bogotá;SI
3900220563;Bogotá-Bogota D.C.;Bogotá, D.C. - Bogotá;SI
3892099421;Bogotá-Bogota D.C.;Bogotá, D.C. - Bogotá;SI
3860532598;Bogotá-Bogota D.C.;Bogotá, D.C. - Bogotá;SI
3900811348;Bogotá-Bogota D.C.;Bogotá, D.C. - Bogotá;SI
3800042210;Bogotá-Bogota D.C.;Bogotá, D.C. - Bogotá;SI
3830099423;Bogotá-Bogota D.C.;Bogotá, D.C. - Bogotá;SI
3900298102;Bogotá-Bogota D.C.;Bogotá, D.C. - Bogotá;SI
3800176862;Bogotá-Bogota D.C.;Bogotá, D.C. - Bogotá;SI
3900291801;Bogotá-Bogota D.C.;Bogotá, D.C. - Bogotá;SI
3900056425;Bogotá-Bogota D.C.;Bogotá, D.C. - Bogotá;SI
3901212769;Bogotá-Bogota D.C.;Bogotá, D.C. - Bogotá;SI
3900386719;Bogotá-Bogota D.C.;Bogotá, D.C. - Bogotá;SI
3830041326;Bogotá-Bogota D.C.;Bogotá, D.C. - Bogotá;SI
3830085540;Bogotá-Bogota D.C.;Bogotá, D.C. - Bogotá;SI
3830050353;Bogotá-Bogota D.C.;Bogotá, D.C. - Bogotá;SI
3901470571;Bogotá-Bogota D.C.;Bogotá, D.C. - Bogotá;SI
3900578375;Bogotá-Bogota D.C.;Bogotá, D.C. - Bogotá;SI
3830099596;Bogotá-Bogota D.C.;Bogotá, D.C. - Bogotá;SI
3900041883;Bogotá-Bogota D.C.;Bogotá, D.C. - Bogotá;SI
3900740571;Bogotá-Bogota D.C.;Bogotá, D.C. - Bogotá;SI
3830050247;Bogotá-Bogota D.C.;Bogotá, D.C. - Bogotá;SI
3900299815;Bogotá-Bogota D.C.;Bogotá, D.C. - Bogotá;SI
3860046201;Bogotá-Bogota D.C.;Bogotá, D.C. - Bogotá;SI
3899999059;Bogotá-Bogota D.C.;Bogotá, D.C. - Bogotá;SI
3900529261;Bogotá-Bogota D.C.;Bogotá, D.C. - Bogotá;SI
3901005018;Bogotá-Bogota D.C.;Bogotá, D.C. - Bogotá;SI
3900795782;Bogotá-Bogota D.C.;Bogotá, D.C. - Bogotá;SI
3800204462;Bogotá-Bogota D.C.;Bogotá, D.C. - Bogotá;SI
3901543054;Bogotá-Bogota D.C.;Bogotá, D.C. - Bogotá;SI
3830118439;Bogotá-Bogota D.C.;Bogotá, D.C. - Bogotá;SI
3900225474;Bogotá-Bogota D.C.;Bogotá, D.C. - Bogotá;SI
3900476053;Bogotá-Bogota D.C.;Bogotá, D.C. - Bogotá;SI
3822006605;Bogotá-Bogota D.C.;Bogotá, D.C. - Bogotá;SI
3900633094;Bogotá-Bogota D.C.;Bogotá, D.C. - Bogotá;SI
3830108403;Bogotá-Bogota D.C.;Bogotá, D.C. - Bogotá;SI
3900688486;Bogotá-Bogota D.C.;Bogotá, D.C. - Bogotá;SI
3900761657;Bogotá-Bogota D.C.;Bogotá, D.C. - Bogotá;SI
3900039770;Bogotá-Bogota D.C.;Bogotá, D.C. - Bogotá;SI
3901182867;Bogotá-Bogota D.C.;Bogotá, D.C. - Bogotá;SI
3900631799;Bogotá-Bogota D.C.;Bogotá, D.C. - Bogotá;SI
3901479965;Bogotá-Bogota D.C.;Bogotá, D.C. - Bogotá;SI
3900040176;Bogotá-Bogota D.C.;Bogotá, D.C. - Bogotá;SI
3830513235;Bogotá-Bogota D.C.;Bogotá, D.C. - Bogotá;SI
3900578634;Bogotá-Bogota D.C.;Bogotá, D.C. - Bogotá;SI
3860077014;Bogotá-Bogota D.C.;Bogotá, D.C. - Bogotá;SI
3830131279;Bogotá-Bogota D.C.;Bogotá, D.C. - Bogotá;SI
3860012357;Bogotá-Bogota D.C.;Bogotá, D.C. - Bogotá;SI
3830113749;Bogotá-Bogota D.C.;Bogotá, D.C. - Bogotá;SI
3900449881;Bogotá-Bogota D.C.;Bogotá, D.C. - Bogotá;SI
3830023738;Bogotá-Bogota D.C.;Bogotá, D.C. - Bogotá;SI
3901252272;Bogotá-Bogota D.C.;Bogotá, D.C. - Bogotá;SI
3900665788;Bogotá-Bogota D.C.;Bogotá, D.C. - Bogotá;SI
3800155100;Bogotá-Bogota D.C.;Bogotá, D.C. - Bogotá;SI
3900995118;Bogotá-Bogota D.C.;Bogotá, D.C. - Bogotá;SI
3860508234;Bogotá-Bogota D.C.;Bogotá, D.C. - Bogotá;SI
3830001584;Bogotá-Bogota D.C.;Bogotá, D.C. - Bogotá;SI
3900410889;Bogotá-Bogota D.C.;Bogotá, D.C. - Bogotá;SI
3830052168;Bogotá-Bogota D.C.;Bogotá, D.C. - Bogotá;SI
3900640290;Bogotá-Bogota D.C.;Bogotá, D.C. - Bogotá;SI
3900423007;Bogotá-Bogota D.C.;Bogotá, D.C. - Bogotá;SI
3900628905;Bogotá-Bogota D.C.;Bogotá, D.C. - Bogotá;SI
3900490594;Bogotá-Bogota D.C.;Bogotá, D.C. - Bogotá;SI
3900300613;Bogotá-Bogota D.C.;Bogotá, D.C. - Bogotá;SI
3900711931;Bogotá-Bogota D.C.;Bogotá, D.C. - Bogotá;SI
3830131802;Bogotá-Bogota D.C.;Bogotá, D.C. - Bogotá;SI
3830012157;Bogotá-Bogota D.C.;Bogotá, D.C. - Bogotá;SI
3900902976;Bogotá-Bogota D.C.;Bogotá, D.C. - Bogotá;SI
3900035083;Bogotá-Bogota D.C.;Bogotá, D.C. - Bogotá;SI
3900468318;Bogotá-Bogota D.C.;Bogotá, D.C. - Bogotá;SI
3900660468;Bogotá-Bogota D.C.;Bogotá, D.C. - Bogotá;SI
3860032057;Bogotá-Bogota D.C.;Bogotá, D.C. - Bogotá;SI
3900264393;Bogotá-Bogota D.C.;Bogotá, D.C. - Bogotá;SI
3900069648;Bogotá-Bogota D.C.;Bogotá, D.C. - Bogotá;SI
3860505983;Bogotá-Bogota D.C.;Bogotá, D.C. - Bogotá;SI
3901254246;Bogotá-Bogota D.C.;Bogotá, D.C. - Bogotá;SI
3800214706;Bogotá-Bogota D.C.;Bogotá, D.C. - Bogotá;SI
3800127368;Bogotá-Bogota D.C.;Bogotá, D.C. - Bogotá;SI
3811018676;Bogotá-Bogota D.C.;Bogotá, D.C. - Bogotá;SI
3901320610;Bogotá-Bogota D.C.;Bogotá, D.C. - Bogotá;SI
3901095058;Bogotá-Bogota D.C.;Bogotá, D.C. - Bogotá;SI
3830116936;Bogotá-Bogota D.C.;Bogotá, D.C. - Bogotá;SI
3830040872;Bogotá-Bogota D.C.;Bogotá, D.C. - Bogotá;SI
3900167617;Bogotá-Bogota D.C.;Bogotá, D.C. - Bogotá;SI
3900459311;Bogotá-Bogota D.C.;Bogotá, D.C. - Bogotá;SI
3900464648;Bogotá-Bogota D.C.;Bogotá, D.C. - Bogotá;SI
3800098983;Bogotá-Bogota D.C.;Bogotá, D.C. - Bogotá;SI
3900317546;Bogotá-Bogota D.C.;Bogotá, D.C. - Bogotá;SI
3900253793;Bogotá-Bogota D.C.;Bogotá, D.C. - Bogotá;SI
3900021506;Bogotá-Bogota D.C.;Bogotá, D.C. - Bogotá;SI
3800016505;Bogotá-Bogota D.C.;Bogotá, D.C. - Bogotá;SI
3860038626;Bogotá-Bogota D.C.;Bogotá, D.C. - Bogotá;SI
3900218241;Bogotá-Bogota D.C.;Bogotá, D.C. - Bogotá;SI
3800133630;Bogotá-Bogota D.C.;Bogotá, D.C. - Bogotá;SI
3900982154;Bogotá-Bogota D.C.;Bogotá, D.C. - Bogotá;SI
3900979798;Bogotá-Bogota D.C.;Bogotá, D.C. - Bogotá;SI
3901394746;Bogotá-Bogota D.C.;Bogotá, D.C. - Bogotá;SI
3901650350;Bogotá-Bogota D.C.;Bogotá, D.C. - Bogotá;SI
3901404991;Bogotá-Bogota D.C.;Bogotá, D.C. - Bogotá;SI
3900737242;Bogotá-Bogota D.C.;Bogotá, D.C. - Bogotá;SI
3900122962;Bogotá-Bogota D.C.;Bogotá, D.C. - Bogotá;SI
3900488849;Bogotá-Bogota D.C.;Bogotá, D.C. - Bogotá;SI
3901017683;Bogotá-Bogota D.C.;Bogotá, D.C. - Bogotá;SI
3900438602;Bogotá-Bogota D.C.;Bogotá, D.C. - Bogotá;SI
3900974337;Bogotá-Bogota D.C.;Bogotá, D.C. - Bogotá;SI
3900076003;Bogotá-Bogota D.C.;Bogotá, D.C. - Bogotá;SI
3901399148;Bogotá-Bogota D.C.;Bogotá, D.C. - Bogotá;SI
3901236527;Bogotá-Bogota D.C.;Bogotá, D.C. - Bogotá;SI
3800248113;Bogotá-Bogota D.C.;Bogotá, D.C. - Bogotá;SI
3800055599;Bogotá-Bogota D.C.;Bogotá, D.C. - Bogotá;SI
3800194486;Bogotá-Bogota D.C.;Bogotá, D.C. - Bogotá;SI
3860013771;Bogotá-Bogota D.C.;Bogotá, D.C. - Bogotá;SI
3900725269;Bogotá-Bogota D.C.;Bogotá, D.C. - Bogotá;SI
3901002573;Bogotá-Bogota D.C.;Bogotá, D.C. - Bogotá;SI
3830001432;Bogotá-Bogota D.C.;Bogotá, D.C. - Bogotá;SI
3901621257;Bogotá-Bogota D.C.;Bogotá, D.C. - Bogotá;SI
3830143834;Bogotá-Bogota D.C.;Bogotá, D.C. - Bogotá;SI
3860516954;Bogotá-Bogota D.C.;Bogotá, D.C. - Bogotá;SI
3900127145;Bogotá-Bogota D.C.;Bogotá, D.C. - Bogotá;SI
3816007544;Bogotá-Bogota D.C.;Bogotá, D.C. - Bogotá;SI
3900136456;Bogotá-Bogota D.C.;Bogotá, D.C. - Bogotá;SI
3901170592;Bogotá-Bogota D.C.;Bogotá, D.C. - Bogotá;SI
3900634306;Bogotá-Bogota D.C.;Bogotá, D.C. - Bogotá;SI
3800175937;Bogotá-Bogota D.C.;Bogotá, D.C. - Bogotá;SI
3900577147;Bogotá-Bogota D.C.;Bogotá, D.C. - Bogotá;SI
3900130710;Bogotá-Bogota D.C.;Bogotá, D.C. - Bogotá;SI
3890201881;Bogotá-Bogota D.C.;Bogotá, D.C. - Bogotá;SI
3830075862;Bogotá-Bogota D.C.;Bogotá, D.C. - Bogotá;SI
3860062581;Bogotá-Bogota D.C.;Bogotá, D.C. - Bogotá;SI
3891100881;Bogotá-Bogota D.C.;Bogotá, D.C. - Bogotá;SI
3900338125;Bogotá-Bogota D.C.;Bogotá, D.C. - Bogotá;SI
3800185572;Bogotá-Bogota D.C.;Bogotá, D.C. - Bogotá;SI
3901090134;Bogotá-Bogota D.C.;Bogotá, D.C. - Bogotá;SI
3900665926;Bogotá-Bogota D.C.;Bogotá, D.C. - Bogotá;SI
3860004285;Bogotá-Bogota D.C.;Bogotá, D.C. - Bogotá;SI
3901512616;Bogotá-Bogota D.C.;Bogotá, D.C. - Bogotá;SI
3900338197;Bogotá-Bogota D.C.;Bogotá, D.C. - Bogotá;SI
3860072172;Bogotá-Bogota D.C.;Bogotá, D.C. - Bogotá;SI
3901214716;Bogotá-Bogota D.C.;Bogotá, D.C. - Bogotá;SI
3900321459;Bogotá-Bogota D.C.;Bogotá, D.C. - Bogotá;SI
3860000824;Bogotá-Bogota D.C.;Bogotá, D.C. - Bogotá;SI
3830063376;Bogotá-Bogota D.C.;Bogotá, D.C. - Bogotá;SI
3800236772;Bogotá-Bogota D.C.;Bogotá, D.C. - Bogotá;SI
3900443259;Bogotá-Bogota D.C.;Bogotá, D.C. - Bogotá;SI
3830031597;Bogotá-Bogota D.C.;Bogotá, D.C. - Bogotá;SI
3860005108;Bogotá-Bogota D.C.;Bogotá, D.C. - Bogotá;SI
3900950210;Bogotá-Bogota D.C.;Bogotá, D.C. - Bogotá;SI
3901231894;Bogotá-Bogota D.C.;Bogotá, D.C. - Bogotá;SI
3900610090;Bogotá-Bogota D.C.;Bogotá, D.C. - Bogotá;SI
3860038800;Bogotá-Bogota D.C.;Bogotá, D.C. - Bogotá;SI
3900717638;Bogotá-Bogota D.C.;Bogotá, D.C. - Bogotá;SI
3800013536;Bogotá-Bogota D.C.;Bogotá, D.C. - Bogotá;SI
3800147021;Bogotá-Bogota D.C.;Bogotá, D.C. - Bogotá;SI
3901662478;Bogotá-Bogota D.C.;Bogotá, D.C. - Bogotá;SI
3900627186;Bogotá-Bogota D.C.;Bogotá, D.C. - Bogotá;SI
3860040872;Bogotá-Bogota D.C.;Bogotá, D.C. - Bogotá;SI
3900252208;Bogotá-Bogota D.C.;Bogotá, D.C. - Bogotá;SI
3900322901;Bogotá-Bogota D.C.;Bogotá, D.C. - Bogotá;SI
3832002227;Bogotá-Bogota D.C.;Bogotá, D.C. - Bogotá;SI
3830091733;Bogotá-Bogota D.C.;Bogotá, D.C. - Bogotá;SI
3830025916;Bogotá-Bogota D.C.;Bogotá, D.C. - Bogotá;SI
3901352779;Bogotá-Bogota D.C.;Bogotá, D.C. - Bogotá;SI
3900906009;Bogotá-Bogota D.C.;Bogotá, D.C. - Bogotá;SI
3800051673;Bogotá-Bogota D.C.;Bogotá, D.C. - Bogotá;SI
3900608787;Bogotá-Bogota D.C.;Bogotá, D.C. - Bogotá;SI
3901015049;Bogotá-Bogota D.C.;Bogotá, D.C. - Bogotá;SI
3860001371;Bogotá-Bogota D.C.;Bogotá, D.C. - Bogotá;SI
3901421516;Bogotá-Bogota D.C.;Bogotá, D.C. - Bogotá;SI
3800090910;Bogotá-Bogota D.C.;Bogotá, D.C. - Bogotá;SI
3900776784;Bogotá-Bogota D.C.;Bogotá, D.C. - Bogotá;SI
3830049344;Bogotá-Bogota D.C.;Bogotá, D.C. - Bogotá;SI
3900548409;Bogotá-Bogota D.C.;Bogotá, D.C. - Bogotá;SI
3901598347;Bogotá-Bogota D.C.;Bogotá, D.C. - Bogotá;SI
3900820946;Bogotá-Bogota D.C.;Bogotá, D.C. - Bogotá;SI
3901386546;Bogotá-Bogota D.C.;Bogotá, D.C. - Bogotá;SI
3830133460;Bogotá-Bogota D.C.;Bogotá, D.C. - Bogotá;SI
3900964988;Bogotá-Bogota D.C.;Bogotá, D.C. - Bogotá;SI
3900563086;Bogotá-Bogota D.C.;Bogotá, D.C. - Bogotá;SI
3901342799;Bogotá-Bogota D.C.;Bogotá, D.C. - Bogotá;SI
3900281394;Bogotá-Bogota D.C.;Bogotá, D.C. - Bogotá;SI
3901118824;Bogotá-Bogota D.C.;Bogotá, D.C. - Bogotá;SI
3901158416;Bogotá-Bogota D.C.;Bogotá, D.C. - Bogotá;SI
3900524239;Bogotá-Bogota D.C.;Bogotá, D.C. - Bogotá;SI
3830030694;Bogotá-Bogota D.C.;Bogotá, D.C. - Bogotá;SI
3860518673;Bogotá-Bogota D.C.;Bogotá, D.C. - Bogotá;SI
3830024204;Bogotá-Bogota D.C.;Bogotá, D.C. - Bogotá;SI
3900108594;Bogotá-Bogota D.C.;Bogotá, D.C. - Bogotá;SI
3900042474;Bogotá-Bogota D.C.;Bogotá, D.C. - Bogotá;SI
3901299541;Bogotá-Bogota D.C.;Bogotá, D.C. - Bogotá;SI
3860000655;Bogotá-Bogota D.C.;Bogotá, D.C. - Bogotá;SI
3900255587;Bogotá-Bogota D.C.;Bogotá, D.C. - Bogotá;SI
3900761131;Bogotá-Bogota D.C.;Bogotá, D.C. - Bogotá;SI
3830063769;Bogotá-Bogota D.C.;Bogotá, D.C. - Bogotá;SI
3900124221;Bogotá-Bogota D.C.;Bogotá, D.C. - Bogotá;SI
3830120298;Bogotá-Bogota D.C.;Bogotá, D.C. - Bogotá;SI
3900403064;Bogotá-Bogota D.C.;Bogotá, D.C. - Bogotá;SI
3800250926;Bogotá-Bogota D.C.;Bogotá, D.C. - Bogotá;SI
3830054002;Bogotá-Bogota D.C.;Bogotá, D.C. - Bogotá;SI
3901381425;Bogotá-Bogota D.C.;Bogotá, D.C. - Bogotá;SI
3901029807;Bogotá-Bogota D.C.;Bogotá, D.C. - Bogotá;SI
3900880277;Bogotá-Bogota D.C.;Bogotá, D.C. - Bogotá;SI
3901326034;Bogotá-Bogota D.C.;Bogotá, D.C. - Bogotá;SI
3860400765;Bogotá-Bogota D.C.;Bogotá, D.C. - Bogotá;SI
3901592479;Bogotá-Bogota D.C.;Bogotá, D.C. - Bogotá;SI
3800250475;Bogotá-Bogota D.C.;Bogotá, D.C. - Bogotá;SI
3800003781;Bogotá-Bogota D.C.;Bogotá, D.C. - Bogotá;SI
3900731055;Bogotá-Bogota D.C.;Bogotá, D.C. - Bogotá;SI
3830120152;Bogotá-Bogota D.C.;Bogotá, D.C. - Bogotá;SI
3901353043;Bogotá-Bogota D.C.;Bogotá, D.C. - Bogotá;SI
3901246958;Bogotá-Bogota D.C.;Bogotá, D.C. - Bogotá;SI
3901149663;Bogotá-Bogota D.C.;Bogotá, D.C. - Bogotá;SI
3900594987;Bogotá-Bogota D.C.;Bogotá, D.C. - Bogotá;SI
3900156309;Bogotá-Bogota D.C.;Bogotá, D.C. - Bogotá;SI
3900607559;Bogotá-Bogota D.C.;Bogotá, D.C. - Bogotá;SI
3901413059;Bogotá-Bogota D.C.;Bogotá, D.C. - Bogotá;SI
3900613669;Bogotá-Bogota D.C.;Bogotá, D.C. - Bogotá;SI
3901180548;Bogotá-Bogota D.C.;Bogotá, D.C. - Bogotá;SI
3800079536;Bogotá-Bogota D.C.;Bogotá, D.C. - Bogotá;SI
3860005986;Bogotá-Bogota D.C.;Bogotá, D.C. - Bogotá;SI
3900705854;Bogotá-Bogota D.C.;Bogotá, D.C. - Bogotá;SI
3830066251;Bogotá-Bogota D.C.;Bogotá, D.C. - Bogotá;SI
3830071114;Bogotá-Bogota D.C.;Bogotá, D.C. - Bogotá;SI
3901114294;Bogotá-Bogota D.C.;Bogotá, D.C. - Bogotá;SI
3890110188;Bogotá-Bogota D.C.;Bogotá, D.C. - Bogotá;SI
3800131512;Bogotá-Bogota D.C.;Bogotá, D.C. - Bogotá;SI
3900719939;Bogotá-Bogota D.C.;Bogotá, D.C. - Bogotá;SI
3900813952;Bogotá-Bogota D.C.;Bogotá, D.C. - Bogotá;SI
3901342471;Bogotá-Bogota D.C.;Bogotá, D.C. - Bogotá;SI
3900649025;Bogotá-Bogota D.C.;Bogotá, D.C. - Bogotá;SI
3900540382;Bogotá-Bogota D.C.;Bogotá, D.C. - Bogotá;SI
3900377847;Bogotá-Bogota D.C.;Bogotá, D.C. - Bogotá;SI
3900128137;Bogotá-Bogota D.C.;Bogotá, D.C. - Bogotá;SI
3860075498;Bogotá-Bogota D.C.;Bogotá, D.C. - Bogotá;SI
3901254796;Bogotá-Bogota D.C.;Bogotá, D.C. - Bogotá;SI
3900425436;Bogotá-Bogota D.C.;Bogotá, D.C. - Bogotá;SI
3830006735;Bogotá-Bogota D.C.;Bogotá, D.C. - Bogotá;SI
3830083386;Bogotá-Bogota D.C.;Bogotá, D.C. - Bogotá;SI
3901015950;Bogotá-Bogota D.C.;Bogotá, D.C. - Bogotá;SI
3901190645;Bogotá-Bogota D.C.;Bogotá, D.C. - Bogotá;SI
3900361316;Bogotá-Bogota D.C.;Bogotá, D.C. - Bogotá;SI
3901468413;Bogotá-Bogota D.C.;Bogotá, D.C. - Bogotá;SI
3900757267;Bogotá-Bogota D.C.;Bogotá, D.C. - Bogotá;SI
3900451443;Bogotá-Bogota D.C.;Bogotá, D.C. - Bogotá;SI
3900892889;Bogotá-Bogota D.C.;Bogotá, D.C. - Bogotá;SI
3901065408;Bogotá-Bogota D.C.;Bogotá, D.C. - Bogotá;SI
3901056632;Bogotá-Bogota D.C.;Bogotá, D.C. - Bogotá;SI
3901264054;Bogotá-Bogota D.C.;Bogotá, D.C. - Bogotá;SI
3830029582;Bogotá-Bogota D.C.;Bogotá, D.C. - Bogotá;SI
3860042585;Bogotá-Bogota D.C.;Bogotá, D.C. - Bogotá;SI
3860504882;Bogotá-Bogota D.C.;Bogotá, D.C. - Bogotá;SI
3830064013;Bogotá-Bogota D.C.;Bogotá, D.C. - Bogotá;SI
3901141160;Bogotá-Bogota D.C.;Bogotá, D.C. - Bogotá;SI
3901114718;Bogotá-Bogota D.C.;Bogotá, D.C. - Bogotá;SI
3901532835;Bogotá-Bogota D.C.;Bogotá, D.C. - Bogotá;SI
3860002182;Bogotá-Bogota D.C.;Bogotá, D.C. - Bogotá;SI
3901459538;Bogotá-Bogota D.C.;Bogotá, D.C. - Bogotá;SI
3811045845;Bogotá-Bogota D.C.;Bogotá, D.C. - Bogotá;SI
3900060018;Bogotá-Bogota D.C.;Bogotá, D.C. - Bogotá;SI
3830123305;Bogotá-Bogota D.C.;Bogotá, D.C. - Bogotá;SI
3900130240;Bogotá-Bogota D.C.;Bogotá, D.C. - Bogotá;SI
3900516700;Bogotá-Bogota D.C.;Bogotá, D.C. - Bogotá;SI
3900831342;Bogotá-Bogota D.C.;Bogotá, D.C. - Bogotá;SI
3800034069;Bogotá-Bogota D.C.;Bogotá, D.C. - Bogotá;SI
3900235322;Bogotá-Bogota D.C.;Bogotá, D.C. - Bogotá;SI
3900748670;Bogotá-Bogota D.C.;Bogotá, D.C. - Bogotá;SI
3860058070;Bogotá-Bogota D.C.;Bogotá, D.C. - Bogotá;SI
3900703608;Bogotá-Bogota D.C.;Bogotá, D.C. - Bogotá;SI
3830003273;Bogotá-Bogota D.C.;Bogotá, D.C. - Bogotá;SI
3900414529;Bogotá-Bogota D.C.;Bogotá, D.C. - Bogotá;SI
3900575287;Bogotá-Bogota D.C.;Bogotá, D.C. - Bogotá;SI
3860529657;Bogotá-Bogota D.C.;Bogotá, D.C. - Bogotá;SI
3900679913;Bogotá-Bogota D.C.;Bogotá, D.C. - Bogotá;SI
3860065736;Bogotá-Bogota D.C.;Bogotá, D.C. - Bogotá;SI
3901579273;Bogotá-Bogota D.C.;Bogotá, D.C. - Bogotá;SI
3900152835;Bogotá-Bogota D.C.;Bogotá, D.C. - Bogotá;SI
3900864244;Bogotá-Bogota D.C.;Bogotá, D.C. - Bogotá;SI
3800120135;Bogotá-Bogota D.C.;Bogotá, D.C. - Bogotá;SI
3900071228;Bogotá-Bogota D.C.;Bogotá, D.C. - Bogotá;SI
3900500644;Bogotá-Bogota D.C.;Bogotá, D.C. - Bogotá;SI
3900378893;Bogotá-Bogota D.C.;Bogotá, D.C. - Bogotá;SI
3901149000;Bogotá-Bogota D.C.;Bogotá, D.C. - Bogotá;SI
3900756575;Bogotá-Bogota D.C.;Bogotá, D.C. - Bogotá;SI
3901169821;Bogotá-Bogota D.C.;Bogotá, D.C. - Bogotá;SI
3900206717;Bogotá-Bogota D.C.;Bogotá, D.C. - Bogotá;SI
3860525661;Bogotá-Bogota D.C.;Bogotá, D.C. - Bogotá;SI
3890302646;Bogotá-Bogota D.C.;Bogotá, D.C. - Bogotá;SI
3800047904;Bogotá-Bogota D.C.;Bogotá, D.C. - Bogotá;SI
3901153197;Bogotá-Bogota D.C.;Bogotá, D.C. - Bogotá;SI
3901253015;Bogotá-Bogota D.C.;Bogotá, D.C. - Bogotá;SI
3900517421;Bogotá-Bogota D.C.;Bogotá, D.C. - Bogotá;SI
3900266781;Bogotá-Bogota D.C.;Bogotá, D.C. - Bogotá;SI
3830000213;Bogotá-Bogota D.C.;Bogotá, D.C. - Bogotá;SI
3901506691;Bogotá-Bogota D.C.;Bogotá, D.C. - Bogotá;SI
3830048667;Bogotá-Bogota D.C.;Bogotá, D.C. - Bogotá;SI
3901282019;Bogotá-Bogota D.C.;Bogotá, D.C. - Bogotá;SI
3800196449;Bogotá-Bogota D.C.;Bogotá, D.C. - Bogotá;SI
3830028762;Bogotá-Bogota D.C.;Bogotá, D.C. - Bogotá;SI
3900037572;Bogotá-Bogota D.C.;Bogotá, D.C. - Bogotá;SI
3830071139;Bogotá-Bogota D.C.;Bogotá, D.C. - Bogotá;SI
3860000258;Bogotá-Bogota D.C.;Bogotá, D.C. - Bogotá;SI
3900909669;Bogotá-Bogota D.C.;Bogotá, D.C. - Bogotá;SI
3901670199;Bogotá-Bogota D.C.;Bogotá, D.C. - Bogotá;SI
3901297504;Bogotá-Bogota D.C.;Bogotá, D.C. - Bogotá;SI
3830046757;Bogotá-Bogota D.C.;Bogotá, D.C. - Bogotá;SI
3832008475;Bogotá-Bogota D.C.;Bogotá, D.C. - Bogotá;SI
3900907909;Bogotá-Bogota D.C.;Bogotá, D.C. - Bogotá;SI
3900936031;Bogotá-Bogota D.C.;Bogotá, D.C. - Bogotá;SI
3901474443;Bogotá-Bogota D.C.;Bogotá, D.C. - Bogotá;SI
3900338016;Bogotá-Bogota D.C.;Bogotá, D.C. - Bogotá;SI
3800093475;Bogotá-Bogota D.C.;Bogotá, D.C. - Bogotá;SI
3900216566;Bogotá-Bogota D.C.;Bogotá, D.C. - Bogotá;SI
3901065395;Bogotá-Bogota D.C.;Bogotá, D.C. - Bogotá;SI
3800216878;Bogotá-Bogota D.C.;Bogotá, D.C. - Bogotá;SI
3800006955;Bogotá-Bogota D.C.;Bogotá, D.C. - Bogotá;SI
3901070257;Bogotá-Bogota D.C.;Bogotá, D.C. - Bogotá;SI
3860006764;Bogotá-Bogota D.C.;Bogotá, D.C. - Bogotá;SI
3901560494;Bogotá-Bogota D.C.;Bogotá, D.C. - Bogotá;SI
3809000555;Bogotá-Bogota D.C.;Bogotá, D.C. - Bogotá;SI
3900721717;Bogotá-Bogota D.C.;Bogotá, D.C. - Bogotá;SI
3900537192;Bogotá-Bogota D.C.;Bogotá, D.C. - Bogotá;SI
3800151555;Bogotá-Bogota D.C.;Bogotá, D.C. - Bogotá;SI
3900096154;Bogotá-Bogota D.C.;Bogotá, D.C. - Bogotá;SI
3901571739;Bogotá-Bogota D.C.;Bogotá, D.C. - Bogotá;SI
3900576791;Bogotá-Bogota D.C.;Bogotá, D.C. - Bogotá;SI
3800160933;Bogotá-Bogota D.C.;Bogotá, D.C. - Bogotá;SI
3830138557;Bogotá-Bogota D.C.;Bogotá, D.C. - Bogotá;SI
3800172158;Bogotá-Bogota D.C.;Bogotá, D.C. - Bogotá;SI
3901672861;Bogotá-Bogota D.C.;Bogotá, D.C. - Bogotá;SI
3900752989;Bogotá-Bogota D.C.;Bogotá, D.C. - Bogotá;SI
3800185056;Bogotá-Bogota D.C.;Bogotá, D.C. - Bogotá;SI
3900870755;Bogotá-Bogota D.C.;Bogotá, D.C. - Bogotá;SI
3900506815;Bogotá-Bogota D.C.;Bogotá, D.C. - Bogotá;SI
3900103925;Bogotá-Bogota D.C.;Bogotá, D.C. - Bogotá;SI
3900150646;Bogotá-Bogota D.C.;Bogotá, D.C. - Bogotá;SI
3900767343;Bogotá-Bogota D.C.;Bogotá, D.C. - Bogotá;SI
3900956512;Bogotá-Bogota D.C.;Bogotá, D.C. - Bogotá;SI
3900558756;Bogotá-Bogota D.C.;Bogotá, D.C. - Bogotá;SI
3860519046;Bogotá-Bogota D.C.;Bogotá, D.C. - Bogotá;SI
3900200903;Bogotá-Bogota D.C.;Bogotá, D.C. - Bogotá;SI
3901298473;Bogotá-Bogota D.C.;Bogotá, D.C. - Bogotá;SI
3900915872;Bogotá-Bogota D.C.;Bogotá, D.C. - Bogotá;SI
3800162592;Bogotá-Bogota D.C.;Bogotá, D.C. - Bogotá;SI
3900944377;Bogotá-Bogota D.C.;Bogotá, D.C. - Bogotá;SI
3900170109;Bogotá-Bogota D.C.;Bogotá, D.C. - Bogotá;SI
3830092264;Bogotá-Bogota D.C.;Bogotá, D.C. - Bogotá;SI
3860517522;Bogotá-Bogota D.C.;Bogotá, D.C. - Bogotá;SI
3900797325;Bogotá-Bogota D.C.;Bogotá, D.C. - Bogotá;SI
3900304675;Bogotá-Bogota D.C.;Bogotá, D.C. - Bogotá;SI
3900035972;Bogotá-Bogota D.C.;Bogotá, D.C. - Bogotá;SI
3900972365;Bogotá-Bogota D.C.;Bogotá, D.C. - Bogotá;SI
3901083398;Bogotá-Bogota D.C.;Bogotá, D.C. - Bogotá;SI
3830043645;Bogotá-Bogota D.C.;Bogotá, D.C. - Bogotá;SI
3830088350;Bogotá-Bogota D.C.;Bogotá, D.C. - Bogotá;SI
3900381610;Bogotá-Bogota D.C.;Bogotá, D.C. - Bogotá;SI
3900838567;Bogotá-Bogota D.C.;Bogotá, D.C. - Bogotá;SI
3900435994;Bogotá-Bogota D.C.;Bogotá, D.C. - Bogotá;SI
3860034155;Bogotá-Bogota D.C.;Bogotá, D.C. - Bogotá;SI
3860516806;Bogotá-Bogota D.C.;Bogotá, D.C. - Bogotá;SI
3901101222;Bogotá-Bogota D.C.;Bogotá, D.C. - Bogotá;SI
3830043424;Bogotá-Bogota D.C.;Bogotá, D.C. - Bogotá;SI
3800134497;Bogotá-Bogota D.C.;Bogotá, D.C. - Bogotá;SI
3900652083;Bogotá-Bogota D.C.;Bogotá, D.C. - Bogotá;SI
3830023345;Bogotá-Bogota D.C.;Bogotá, D.C. - Bogotá;SI
3901763083;Bogotá-Bogota D.C.;Bogotá, D.C. - Bogotá;SI
3901675272;Bogotá-Bogota D.C.;Bogotá, D.C. - Bogotá;SI
3900645281;Bogotá-Bogota D.C.;Bogotá, D.C. - Bogotá;SI
3901502508;Bogotá-Bogota D.C.;Bogotá, D.C. - Bogotá;SI
3900031737;Bogotá-Bogota D.C.;Bogotá, D.C. - Bogotá;SI
3860508382;Bogotá-Bogota D.C.;Bogotá, D.C. - Bogotá;SI
3900639700;Bogotá-Bogota D.C.;Bogotá, D.C. - Bogotá;SI
3830094294;Bogotá-Bogota D.C.;Bogotá, D.C. - Bogotá;SI
3901110863;Bogotá-Bogota D.C.;Bogotá, D.C. - Bogotá;SI
3901425564;Bogotá-Bogota D.C.;Bogotá, D.C. - Bogotá;SI
3800173111;Bogotá-Bogota D.C.;Bogotá, D.C. - Bogotá;SI
3901085972;Bogotá-Bogota D.C.;Bogotá, D.C. - Bogotá;SI
3860010443;Bogotá-Bogota D.C.;Bogotá, D.C. - Bogotá;SI
3900842680;Bogotá-Bogota D.C.;Bogotá, D.C. - Bogotá;SI
3900731893;Bogotá-Bogota D.C.;Bogotá, D.C. - Bogotá;SI
3900709502;Bogotá-Bogota D.C.;Bogotá, D.C. - Bogotá;SI
3890311243;Bogotá-Bogota D.C.;Bogotá, D.C. - Bogotá;SI
3900645765;Bogotá-Bogota D.C.;Bogotá, D.C. - Bogotá;SI
3901088462;Bogotá-Bogota D.C.;Bogotá, D.C. - Bogotá;SI
3830128889;Bogotá-Bogota D.C.;Bogotá, D.C. - Bogotá;SI
3800164351;Bogotá-Bogota D.C.;Bogotá, D.C. - Bogotá;SI
3900896314;Bogotá-Bogota D.C.;Bogotá, D.C. - Bogotá;SI
3811024067;Bogotá-Bogota D.C.;Bogotá, D.C. - Bogotá;SI
3901128488;Bogotá-Bogota D.C.;Bogotá, D.C. - Bogotá;SI
3900567192;Bogotá-Bogota D.C.;Bogotá, D.C. - Bogotá;SI
3900570293;Bogotá-Bogota D.C.;Bogotá, D.C. - Bogotá;SI
3901193667;Bogotá-Bogota D.C.;Bogotá, D.C. - Bogotá;SI
3900927718;Bogotá-Bogota D.C.;Bogotá, D.C. - Bogotá;SI
3901163085;Bogotá-Bogota D.C.;Bogotá, D.C. - Bogotá;SI
3830044266;Bogotá-Bogota D.C.;Bogotá, D.C. - Bogotá;SI
3901506988;Bogotá-Bogota D.C.;Bogotá, D.C. - Bogotá;SI
3901015577;Bogotá-Bogota D.C.;Bogotá, D.C. - Bogotá;SI
3901524562;Bogotá-Bogota D.C.;Bogotá, D.C. - Bogotá;SI
3901293027;Bogotá-Bogota D.C.;Bogotá, D.C. - Bogotá;SI
3900284183;Bogotá-Bogota D.C.;Bogotá, D.C. - Bogotá;SI
3900271539;Bogotá-Bogota D.C.;Bogotá, D.C. - Bogotá;SI
3830067746;Bogotá-Bogota D.C.;Bogotá, D.C. - Bogotá;SI
3901606107;Bogotá-Bogota D.C.;Bogotá, D.C. - Bogotá;SI
3900354829;Bogotá-Bogota D.C.;Bogotá, D.C. - Bogotá;SI
3900913507;Bogotá-Bogota D.C.;Bogotá, D.C. - Bogotá;SI
3830128976;Bogotá-Bogota D.C.;Bogotá, D.C. - Bogotá;SI
3900587972;Bogotá-Bogota D.C.;Bogotá, D.C. - Bogotá;SI
3900936745;Bogotá-Bogota D.C.;Bogotá, D.C. - Bogotá;SI
3830507982;Bogotá-Bogota D.C.;Bogotá, D.C. - Bogotá;SI
3901108921;Bogotá-Bogota D.C.;Bogotá, D.C. - Bogotá;SI
3900455438;Bogotá-Bogota D.C.;Bogotá, D.C. - Bogotá;SI
3901048265;Bogotá-Bogota D.C.;Bogotá, D.C. - Bogotá;SI
3900052123;Bogotá-Bogota D.C.;Bogotá, D.C. - Bogotá;SI
3901077177;Bogotá-Bogota D.C.;Bogotá, D.C. - Bogotá;SI
3860516847;Bogotá-Bogota D.C.;Bogotá, D.C. - Bogotá;SI
3901335977;Bogotá-Bogota D.C.;Bogotá, D.C. - Bogotá;SI
3800218958;Bogotá-Bogota D.C.;Bogotá, D.C. - Bogotá;SI
3900926346;Bogotá-Bogota D.C.;Bogotá, D.C. - Bogotá;SI
3830101830;Bogotá-Bogota D.C.;Bogotá, D.C. - Bogotá;SI
3830011376;Bogotá-Bogota D.C.;Bogotá, D.C. - Bogotá;SI
3901193050;Bogotá-Bogota D.C.;Bogotá, D.C. - Bogotá;SI
3900833879;Bogotá-Bogota D.C.;Bogotá, D.C. - Bogotá;SI
3900796762;Bogotá-Bogota D.C.;Bogotá, D.C. - Bogotá;SI
3900448330;Bogotá-Bogota D.C.;Bogotá, D.C. - Bogotá;SI
3900959200;Bogotá-Bogota D.C.;Bogotá, D.C. - Bogotá;SI
3901053528;Bogotá-Bogota D.C.;Bogotá, D.C. - Bogotá;SI
3830500326;Bogotá-Bogota D.C.;Bogotá, D.C. - Bogotá;SI
3901490555;Bogotá-Bogota D.C.;Bogotá, D.C. - Bogotá;SI
3900152573;Bogotá-Bogota D.C.;Bogotá, D.C. - Bogotá;SI
3900527898;Bogotá-Bogota D.C.;Bogotá, D.C. - Bogotá;SI
3901386643;Bogotá-Bogota D.C.;Bogotá, D.C. - Bogotá;SI
3900964285;Bogotá-Bogota D.C.;Bogotá, D.C. - Bogotá;SI
3901252118;Bogotá-Bogota D.C.;Bogotá, D.C. - Bogotá;SI
3800189974;Bogotá-Bogota D.C.;Bogotá, D.C. - Bogotá;SI
3900970984;Bogotá-Bogota D.C.;Bogotá, D.C. - Bogotá;SI
3900694384;Bogotá-Bogota D.C.;Bogotá, D.C. - Bogotá;SI
3860511458;Bogotá-Bogota D.C.;Bogotá, D.C. - Bogotá;SI
3900016411;Bogotá-Bogota D.C.;Bogotá, D.C. - Bogotá;SI
3900656137;Bogotá-Bogota D.C.;Bogotá, D.C. - Bogotá;SI
3830045573;Bogotá-Bogota D.C.;Bogotá, D.C. - Bogotá;SI
3830095998;Bogotá-Bogota D.C.;Bogotá, D.C. - Bogotá;SI
3900597768;Bogotá-Bogota D.C.;Bogotá, D.C. - Bogotá;SI
3830091939;Bogotá-Bogota D.C.;Bogotá, D.C. - Bogotá;SI
3800033094;Bogotá-Bogota D.C.;Bogotá, D.C. - Bogotá;SI
3900804156;Bogotá-Bogota D.C.;Bogotá, D.C. - Bogotá;SI
3900834378;Bogotá-Bogota D.C.;Bogotá, D.C. - Bogotá;SI
3900109656;Bogotá-Bogota D.C.;Bogotá, D.C. - Bogotá;SI
3901211800;Bogotá-Bogota D.C.;Bogotá, D.C. - Bogotá;SI
3830089377;Bogotá-Bogota D.C.;Bogotá, D.C. - Bogotá;SI
3900497367;Bogotá-Bogota D.C.;Bogotá, D.C. - Bogotá;SI
3901521873;Bogotá-Bogota D.C.;Bogotá, D.C. - Bogotá;SI
3900429890;Bogotá-Bogota D.C.;Bogotá, D.C. - Bogotá;SI
3805007853;Bogotá-Bogota D.C.;Bogotá, D.C. - Bogotá;SI
3800177674;Bogotá-Bogota D.C.;Bogotá, D.C. - Bogotá;SI
3901607700;Bogotá-Bogota D.C.;Bogotá, D.C. - Bogotá;SI
3900109849;Bogotá-Bogota D.C.;Bogotá, D.C. - Bogotá;SI
3860009808;Bogotá-Bogota D.C.;Bogotá, D.C. - Bogotá;SI
3860511681;Bogotá-Bogota D.C.;Bogotá, D.C. - Bogotá;SI
3830137517;Bogotá-Bogota D.C.;Bogotá, D.C. - Bogotá;SI
3900356160;Bogotá-Bogota D.C.;Bogotá, D.C. - Bogotá;SI
3900309589;Bogotá-Bogota D.C.;Bogotá, D.C. - Bogotá;SI
3900827489;Bogotá-Bogota D.C.;Bogotá, D.C. - Bogotá;SI
3900968414;Bogotá-Bogota D.C.;Bogotá, D.C. - Bogotá;SI
3830506116;Bogotá-Bogota D.C.;Bogotá, D.C. - Bogotá;SI
3900120369;Bogotá-Bogota D.C.;Bogotá, D.C. - Bogotá;SI
3900030261;Bogotá-Bogota D.C.;Bogotá, D.C. - Bogotá;SI
3900173936;Bogotá-Bogota D.C.;Bogotá, D.C. - Bogotá;SI
3900454607;Bogotá-Bogota D.C.;Bogotá, D.C. - Bogotá;SI
3900672513;Bogotá-Bogota D.C.;Bogotá, D.C. - Bogotá;SI
3900894480;Bogotá-Bogota D.C.;Bogotá, D.C. - Bogotá;SI
3900151827;Bogotá-Bogota D.C.;Bogotá, D.C. - Bogotá;SI
3832001364;Bogotá-Bogota D.C.;Bogotá, D.C. - Bogotá;SI
3900415051;Bogotá-Bogota D.C.;Bogotá, D.C. - Bogotá;SI
3830130782;Bogotá-Bogota D.C.;Bogotá, D.C. - Bogotá;SI
3900213428;Buenaventura -Valle;Buenaventura - Valle Del Cauca;SI
3901139706;Caicedonia -Valle;Caicedonia - Valle Del Cauca;SI
3900858096;Calamar -Bolivar;Calamar - Bolívar;SI
3900440838;Cali -Valle;Cali - Valle Del Cauca;SI
3901044298;Cali -Valle;Cali - Valle Del Cauca;SI
3805029544;Cali -Valle;Cali - Valle Del Cauca;SI
3800253444;Cali -Valle;Cali - Valle Del Cauca;SI
3805016429;Cali -Valle;Cali - Valle Del Cauca;SI
3805006187;Cali -Valle;Cali - Valle Del Cauca;SI
3860350234;Cali -Valle;Cali - Valle Del Cauca;SI
3800246222;Cali -Valle;Cali - Valle Del Cauca;SI
3900278642;Cali -Valle;Cali - Valle Del Cauca;SI
3900555613;Cali -Valle;Cali - Valle Del Cauca;SI
3800090735;Cali -Valle;Cali - Valle Del Cauca;SI
3805014563;Cali -Valle;Cali - Valle Del Cauca;SI
3901147737;Cali -Valle;Cali - Valle Del Cauca;SI
3900849065;Cali -Valle;Cali - Valle Del Cauca;SI
3901180929;Cali -Valle;Cali - Valle Del Cauca;SI
3900209883;Cali -Valle;Cali - Valle Del Cauca;SI
3900311569;Cali -Valle;Cali - Valle Del Cauca;SI
3901417556;Cali -Valle;Cali - Valle Del Cauca;SI
3900662985;Cali -Valle;Cali - Valle Del Cauca;SI
3805025025;Cali -Valle;Cali - Valle Del Cauca;SI
3899999034;Cali -Valle;Cali - Valle Del Cauca;SI
3901603652;Cali -Valle;Cali - Valle Del Cauca;SI
3900792417;Cali -Valle;Cali - Valle Del Cauca;SI
3900766903;Cali -Valle;Cali - Valle Del Cauca;SI
3890399001;Cali -Valle;Cali - Valle Del Cauca;SI
3815000720;Cali -Valle;Cali - Valle Del Cauca;SI
3900762812;Cali -Valle;Cali - Valle Del Cauca;SI
3805023030;Cali -Valle;Cali - Valle Del Cauca;SI
3900198076;Cali -Valle;Cali - Valle Del Cauca;SI
3890399032;Cali -Valle;Cali - Valle Del Cauca;SI
3900805231;Cali -Valle;Cali - Valle Del Cauca;SI
3900319401;Cali -Valle;Cali - Valle Del Cauca;SI
3901079457;Cali -Valle;Cali - Valle Del Cauca;SI
3900144171;Cali -Valle;Cali - Valle Del Cauca;SI
3800198062;Cali -Valle;Cali - Valle Del Cauca;SI
3900017949;Cali -Valle;Cali - Valle Del Cauca;SI
3800117197;Cali -Valle;Cali - Valle Del Cauca;SI
3805027005;Cali -Valle;Cali - Valle Del Cauca;SI
3900735461;Cali -Valle;Cali - Valle Del Cauca;SI
3901438689;Cali -Valle;Cali - Valle Del Cauca;SI
3805009231;Cali -Valle;Cali - Valle Del Cauca;SI
3900375335;Cali -Valle;Cali - Valle Del Cauca;SI
3901152028;Cali -Valle;Cali - Valle Del Cauca;SI
3900104046;Cali -Valle;Cali - Valle Del Cauca;SI
3900634106;Cali -Valle;Cali - Valle Del Cauca;SI
3900800336;Cali -Valle;Cali - Valle Del Cauca;SI
3810000533;Cali -Valle;Cali - Valle Del Cauca;SI
3890312562;Cali -Valle;Cali - Valle Del Cauca;SI
3900332590;Cali -Valle;Cali - Valle Del Cauca;SI
3901580071;Cali -Valle;Cali - Valle Del Cauca;SI
3901003748;Cali -Valle;Cali - Valle Del Cauca;SI
3900988309;Cali -Valle;Cali - Valle Del Cauca;SI
3900759272;Cali -Valle;Cali - Valle Del Cauca;SI
3890935401;Cali -Valle;Cali - Valle Del Cauca;SI
3830011670;Cali -Valle;Cali - Valle Del Cauca;SI
3901379462;Cali -Valle;Cali - Valle Del Cauca;SI
3805030454;Cali -Valle;Cali - Valle Del Cauca;SI
3805021056;Cali -Valle;Cali - Valle Del Cauca;SI
3805021410;Cali -Valle;Cali - Valle Del Cauca;SI
3901639341;Cali -Valle;Cali - Valle Del Cauca;SI
3901452395;Cali -Valle;Cali - Valle Del Cauca;SI
3901579730;Cali -Valle;Cali - Valle Del Cauca;SI
3900703910;Cali -Valle;Cali - Valle Del Cauca;SI
3900484871;Cali -Valle;Cali - Valle Del Cauca;SI
3900389459;Cali -Valle;Cali - Valle Del Cauca;SI
3901025892;Cali -Valle;Cali - Valle Del Cauca;SI
3805015744;Cali -Valle;Cali - Valle Del Cauca;SI
3890300279;Cali -Valle;Cali - Valle Del Cauca;SI
3900532925;Cali -Valle;Cali - Valle Del Cauca;SI
3900563168;Cali -Valle;Cali - Valle Del Cauca;SI
3901242421;Cali -Valle;Cali - Valle Del Cauca;SI
3890320123;Cali -Valle;Cali - Valle Del Cauca;SI
3900262123;Cali -Valle;Cali - Valle Del Cauca;SI
3891301831;Cali -Valle;Cali - Valle Del Cauca;SI
3805012283;Cali -Valle;Cali - Valle Del Cauca;SI
3900979519;Cali -Valle;Cali - Valle Del Cauca;SI
3890399039;Cali -Valle;Cali - Valle Del Cauca;SI
3901301544;Cali -Valle;Cali - Valle Del Cauca;SI
3900822038;Cali -Valle;Cali - Valle Del Cauca;SI
3800225919;Cali -Valle;Cali - Valle Del Cauca;SI
3900928986;Cali -Valle;Cali - Valle Del Cauca;SI
3805027317;Cali -Valle;Cali - Valle Del Cauca;SI
3890302442;Cali -Valle;Cali - Valle Del Cauca;SI
3891501133;Cali -Valle;Cali - Valle Del Cauca;SI
3900745904;Cali -Valle;Cali - Valle Del Cauca;SI
3890300012;Cali -Valle;Cali - Valle Del Cauca;SI
3890305124;Cali -Valle;Cali - Valle Del Cauca;SI
3901041907;Cali -Valle;Cali - Valle Del Cauca;SI
3901243337;Cali -Valle;Cali - Valle Del Cauca;SI
3800053110;Cali -Valle;Cali - Valle Del Cauca;SI
3805031256;Cali -Valle;Cali - Valle Del Cauca;SI
3800178459;Cali -Valle;Cali - Valle Del Cauca;SI
3900429573;Cali -Valle;Cali - Valle Del Cauca;SI
3901456763;Cali -Valle;Cali - Valle Del Cauca;SI
3800197463;Cali -Valle;Cali - Valle Del Cauca;SI
3901326697;Cali -Valle;Cali - Valle Del Cauca;SI
3890308051;Cali -Valle;Cali - Valle Del Cauca;SI
3891900196;Cali -Valle;Cali - Valle Del Cauca;SI
3901228895;Cali -Valle;Cali - Valle Del Cauca;SI
3900149757;Cali -Valle;Cali - Valle Del Cauca;SI
3844004994;Cali -Valle;Cali - Valle Del Cauca;SI
3901375771;Cali -Valle;Cali - Valle Del Cauca;SI
3890304345;Cali -Valle;Cali - Valle Del Cauca;SI
3900212550;Cali -Valle;Cali - Valle Del Cauca;SI
3901260983;Cali -Valle;Cali - Valle Del Cauca;SI
3805013141;Cali -Valle;Cali - Valle Del Cauca;SI
3900524959;Cali -Valle;Cali - Valle Del Cauca;SI
3900515171;Cali -Valle;Cali - Valle Del Cauca;SI
3900131688;Cali -Valle;Cali - Valle Del Cauca;SI
3900422419;Cali -Valle;Cali - Valle Del Cauca;SI
3901413838;Cali -Valle;Cali - Valle Del Cauca;SI
3900359334;Cali -Valle;Cali - Valle Del Cauca;SI
3901134389;Cali -Valle;Cali - Valle Del Cauca;SI
3805012368;Cali -Valle;Cali - Valle Del Cauca;SI
3901083757;Cali -Valle;Cali - Valle Del Cauca;SI
3900725066;Cali -Valle;Cali - Valle Del Cauca;SI
3901392717;Cali -Valle;Cali - Valle Del Cauca;SI
3900205225;Cali -Valle;Cali - Valle Del Cauca;SI
3900625723;Cali -Valle;Cali - Valle Del Cauca;SI
3900968645;Cali -Valle;Cali - Valle Del Cauca;SI
3890300378;Cali -Valle;Cali - Valle Del Cauca;SI
3805000674;Cali -Valle;Cali - Valle Del Cauca;SI
3830501223;Cali -Valle;Cali - Valle Del Cauca;SI
3800234792;Cali -Valle;Cali - Valle Del Cauca;SI
3805012896;Cali -Valle;Cali - Valle Del Cauca;SI
3800135595;Cali -Valle;Cali - Valle Del Cauca;SI
3901281257;Cali -Valle;Cali - Valle Del Cauca;SI
3800215063;Cali -Valle;Cali - Valle Del Cauca;SI
3900491498;Cali -Valle;Cali - Valle Del Cauca;SI
3800254476;Cali -Valle;Cali - Valle Del Cauca;SI
3901596322;Cali -Valle;Cali - Valle Del Cauca;SI
3900432887;Cali -Valle;Cali - Valle Del Cauca;SI
3900211167;Cali -Valle;Cali - Valle Del Cauca;SI
3890315140;Cali -Valle;Cali - Valle Del Cauca;SI
3890315430;Cali -Valle;Cali - Valle Del Cauca;SI
3900235531;Cali -Valle;Cali - Valle Del Cauca;SI
3900555789;Cali -Valle;Cali - Valle Del Cauca;SI
3900314868;Cali -Valle;Cali - Valle Del Cauca;SI
3900296172;Cali -Valle;Cali - Valle Del Cauca;SI
3800148262;Cali -Valle;Cali - Valle Del Cauca;SI
3900333452;Cali -Valle;Cali - Valle Del Cauca;SI
3900824641;Cali -Valle;Cali - Valle Del Cauca;SI
3900618248;Cali -Valle;Cali - Valle Del Cauca;SI
3901346888;Cali -Valle;Cali - Valle Del Cauca;SI
3800048076;Cali -Valle;Cali - Valle Del Cauca;SI
3890301082;Cali -Valle;Cali - Valle Del Cauca;SI
3901120134;Cali -Valle;Cali - Valle Del Cauca;SI
3900689075;Cali -Valle;Cali - Valle Del Cauca;SI
3900746832;Cali -Valle;Cali - Valle Del Cauca;SI
3805023915;Cali -Valle;Cali - Valle Del Cauca;SI
3800053789;Cali -Valle;Cali - Valle Del Cauca;SI
3901195579;Cali -Valle;Cali - Valle Del Cauca;SI
3805010341;Cali -Valle;Cali - Valle Del Cauca;SI
3805007221;Cali -Valle;Cali - Valle Del Cauca;SI
3901420375;Cali -Valle;Cali - Valle Del Cauca;SI
3901286232;Cali -Valle;Cali - Valle Del Cauca;SI
3900136052;Cali -Valle;Cali - Valle Del Cauca;SI
3900872259;Cali -Valle;Cali - Valle Del Cauca;SI
3890405519;Canalete -Cordoba;Canalete - Córdoba;SI
3900564135;Candelaria -Valle;Candelaria - Valle Del Cauca;SI
3900490692;Candelaria -Valle;Candelaria - Valle Del Cauca;SI
3900597662;Candelaria -Valle;Candelaria - Valle Del Cauca;SI
3900818707;Candelaria -Valle;Candelaria - Valle Del Cauca;SI
3800007955;Candelaria -Valle;Candelaria - Valle Del Cauca;SI
3900240093;Candelaria -Valle;Candelaria - Valle Del Cauca;SI
3900223160;Cartagena -Bolivar;Cartagena - Bolívar;SI
3901400447;Cartagena -Bolivar;Cartagena - Bolívar;SI
3901401206;Cartagena -Bolivar;Cartagena - Bolívar;SI
3800149306;Cartagena -Bolivar;Cartagena - Bolívar;SI
3901259344;Cartagena -Bolivar;Cartagena - Bolívar;SI
3900889845;Cartagena -Bolivar;Cartagena - Bolívar;SI
3800082770;Cartagena -Bolivar;Cartagena - Bolívar;SI
3901254178;Cartagena -Bolivar;Cartagena - Bolívar;SI
3901386343;Cartagena -Bolivar;Cartagena - Bolívar;SI
3901662779;Cartagena -Bolivar;Cartagena - Bolívar;SI
3900426658;Cartago -Valle;Cartago - Valle Del Cauca;SI
3891900156;Cartago -Valle;Cartago - Valle Del Cauca;SI
3900518826;Cartago -Valle;Cartago - Valle Del Cauca;SI
3836000548;Cartago -Valle;Cartago - Valle Del Cauca;SI
3901673767;Cartago -Valle;Cartago - Valle Del Cauca;SI
3900809001;Cartago -Valle;Cartago - Valle Del Cauca;SI
3900030700;Chivata -Boyaca;Chivata - Boyacá;SI
3891856457;Duitama -Boyaca;Duitama - Boyacá;SI
3900565420;Duitama -Boyaca;Duitama - Boyacá;SI
3900068145;Duitama -Boyaca;Duitama - Boyacá;SI
3900725200;Duitama -Boyaca;Duitama - Boyacá;SI
3900581234;Filandia -Quindio;Filandia - Quindío;SI
3891380089;Guacarí -Valle;Guacarí - Valle Del Cauca;SI
3901672847;Guacarí -Valle;Guacarí - Valle Del Cauca;SI
3901576319;Guadalajara De Buga -Valle;Guadalajara De Buga - Valle Del Cauca;SI
3901148908;Guadalajara De Buga -Valle;Guadalajara De Buga - Valle Del Cauca;SI
3900659573;Guadalajara De Buga -Valle;Guadalajara De Buga - Valle Del Cauca;SI
3900042695;Guadalajara De Buga -Valle;Guadalajara De Buga - Valle Del Cauca;SI
3800007350;Guadalajara De Buga -Valle;Guadalajara De Buga - Valle Del Cauca;SI
3900600307;Guadalajara De Buga -Valle;Guadalajara De Buga - Valle Del Cauca;SI
3900915833;Guadalajara De Buga -Valle;Guadalajara De Buga - Valle Del Cauca;SI
3900178644;Guadalajara De Buga -Valle;Guadalajara De Buga - Valle Del Cauca;SI
3901626732;Guadalajara De Buga -Valle;Guadalajara De Buga - Valle Del Cauca;SI
3900367173;Guadalajara De Buga -Valle;Guadalajara De Buga - Valle Del Cauca;SI
3900441733;Guadalajara De Buga -Valle;Guadalajara De Buga - Valle Del Cauca;SI
3900570697;Guadalajara De Buga -Valle;Guadalajara De Buga - Valle Del Cauca;SI
3900962052;Guadalajara De Buga -Valle;Guadalajara De Buga - Valle Del Cauca;SI
3815000863;Guadalajara De Buga -Valle;Guadalajara De Buga - Valle Del Cauca;SI
3800172715;Guadalajara De Buga -Valle;Guadalajara De Buga - Valle Del Cauca;SI
3890321213;Guadalajara De Buga -Valle;Guadalajara De Buga - Valle Del Cauca;SI
3900438520;Guadalajara De Buga -Valle;Guadalajara De Buga - Valle Del Cauca;SI
3900797803;Guadalajara De Buga -Valle;Guadalajara De Buga - Valle Del Cauca;SI
3901026875;Guadalajara De Buga -Valle;Guadalajara De Buga - Valle Del Cauca;SI
3900689732;Guadalajara De Buga -Valle;Guadalajara De Buga - Valle Del Cauca;SI
3900106821;Guadalajara De Buga -Valle;Guadalajara De Buga - Valle Del Cauca;SI
3900803589;Guadalajara De Buga -Valle;Guadalajara De Buga - Valle Del Cauca;SI
3901112804;Guadalajara De Buga -Valle;Guadalajara De Buga - Valle Del Cauca;SI
3900107077;Guadalajara De Buga -Valle;Guadalajara De Buga - Valle Del Cauca;SI
3800012375;Guadalajara De Buga -Valle;Guadalajara De Buga - Valle Del Cauca;SI
3800102813;Jamundí -Valle;Jamundí - Valle Del Cauca;SI
3900075205;Jamundí -Valle;Jamundí - Valle Del Cauca;SI
3817000639;Jamundí -Valle;Jamundí - Valle Del Cauca;SI
3900502031;Jamundí -Valle;Jamundí - Valle Del Cauca;SI
3891900481;La Victoria -Valle;La Victoria - Valle Del Cauca;SI
3900810246;La Victoria -Valle;La Victoria - Valle Del Cauca;SI
3900919599;Lorica -Cordoba;Lorica - Córdoba;SI
3900363032;Medellin -Antioquia;Medellín - Antioquia;SI
3900644251;Medellin -Antioquia;Medellín - Antioquia;SI
3901029446;Medellin -Antioquia;Medellín - Antioquia;SI
3901060665;Medellin -Antioquia;Medellín - Antioquia;SI
3800061542;Medellin -Antioquia;Medellín - Antioquia;SI
3900277743;Medellin -Antioquia;Medellín - Antioquia;SI
3900162625;Medellin -Antioquia;Medellín - Antioquia;SI
3900427589;Medellin -Antioquia;Medellín - Antioquia;SI
3811036515;Medellin -Antioquia;Medellín - Antioquia;SI
3811028564;Medellin -Antioquia;Medellín - Antioquia;SI
3900824288;Medellin -Antioquia;Medellín - Antioquia;SI
3900743592;Medellin -Antioquia;Medellín - Antioquia;SI
3900745356;Medellin -Antioquia;Medellín - Antioquia;SI
3890922447;Medellin -Antioquia;Medellín - Antioquia;SI
3890920990;Medellin -Antioquia;Medellín - Antioquia;SI
3811013096;Medellin -Antioquia;Medellín - Antioquia;SI
3890902875;Medellin -Antioquia;Medellín - Antioquia;SI
3900812184;Medellin -Antioquia;Medellín - Antioquia;SI
3901160439;Medellin -Antioquia;Medellín - Antioquia;SI
3890906878;Medellin -Antioquia;Medellín - Antioquia;SI
3900705489;Medellin -Antioquia;Medellín - Antioquia;SI
3900462032;Medellin -Antioquia;Medellín - Antioquia;SI
3900883707;Medellin -Antioquia;Medellín - Antioquia;SI
3890304130;Medellin -Antioquia;Medellín - Antioquia;SI
3900168181;Medellin -Antioquia;Medellín - Antioquia;SI
3901509372;Medellin -Antioquia;Medellín - Antioquia;SI
3900681255;Medellin -Antioquia;Medellín - Antioquia;SI
3860016640;Medellin -Antioquia;Medellín - Antioquia;SI
3900603633;Medellin -Antioquia;Medellín - Antioquia;SI
3811016822;Medellin -Antioquia;Medellín - Antioquia;SI
3901150604;Medellin -Antioquia;Medellín - Antioquia;SI
3811020969;Medellin -Antioquia;Medellín - Antioquia;SI
3827000723;Medellin -Antioquia;Medellín - Antioquia;SI
3900607402;Medellin -Antioquia;Medellín - Antioquia;SI
3900259964;Medellin -Antioquia;Medellín - Antioquia;SI
3900390425;Montería -Cordoba;Montería - Córdoba;SI
3901758728;Montería -Cordoba;Montería - Córdoba;SI
3900893919;Montería -Cordoba;Montería - Córdoba;SI
3901203041;Montería -Cordoba;Montería - Córdoba;SI
3900770635;Palmira -Valle;Palmira - Valle Del Cauca;SI
3900379373;Palmira -Valle;Palmira - Valle Del Cauca;SI
3900959154;Palmira -Valle;Palmira - Valle Del Cauca;SI
3891300241;Palmira -Valle;Palmira - Valle Del Cauca;SI
3901333525;Palmira -Valle;Palmira - Valle Del Cauca;SI
3815004241;Palmira -Valle;Palmira - Valle Del Cauca;SI
3891304849;Palmira -Valle;Palmira - Valle Del Cauca;SI
3900951036;Palmira -Valle;Palmira - Valle Del Cauca;SI
3901043737;Palmira -Valle;Palmira - Valle Del Cauca;SI
3817002585;Palmira -Valle;Palmira - Valle Del Cauca;SI
3815002760;Palmira -Valle;Palmira - Valle Del Cauca;SI
3890300504;Palmira -Valle;Palmira - Valle Del Cauca;SI
3815003514;Palmira -Valle;Palmira - Valle Del Cauca;SI
3901172491;Palmira -Valle;Palmira - Valle Del Cauca;SI
3891300120;Palmira -Valle;Palmira - Valle Del Cauca;SI
3900732561;Palmira -Valle;Palmira - Valle Del Cauca;SI
3900710987;Palmira -Valle;Palmira - Valle Del Cauca;SI
3901721024;Palmira -Valle;Palmira - Valle Del Cauca;SI
3815003959;Palmira -Valle;Palmira - Valle Del Cauca;SI
3817007055;Palmira -Valle;Palmira - Valle Del Cauca;SI
3901094000;Palmira -Valle;Palmira - Valle Del Cauca;SI
3891303015;Palmira -Valle;Palmira - Valle Del Cauca;SI
3900672307;Palmira -Valle;Palmira - Valle Del Cauca;SI
3890399012;Palmira -Valle;Palmira - Valle Del Cauca;SI
3830016868;Palmira -Valle;Palmira - Valle Del Cauca;SI
3901490304;Palmira -Valle;Palmira - Valle Del Cauca;SI
3901310287;Palmira -Valle;Palmira - Valle Del Cauca;SI
3901247983;Palmira -Valle;Palmira - Valle Del Cauca;SI
3901371795;Pueblo Nuevo -Cordoba;Pueblo Nuevo - Córdoba;SI
3891900732;Riofrio -Valle;Riofrio - Valle Del Cauca;SI
3900786718;Riofrio -Valle;Riofrio - Valle Del Cauca;SI
3901452152;Roldanillo -Valle;Roldanillo - Valle Del Cauca;SI
3901095623;Roldanillo -Valle;Roldanillo - Valle Del Cauca;SI
3900164840;Sahagún -Cordoba;Sahagún - Córdoba;SI
3901251955;Salento -Quindio;Salento - Quindío;SI
3891802151;San Luis De Gaceno -Boyaca;San Luis De Gaceno - Boyacá;SI
3900753498;San Pedro -Valle;San Pedro - Valle Del Cauca;SI
3901159990;Siachoque -Boyaca;Siachoque - Boyacá;SI
3901540958;Sogamoso -Boyaca;Sogamoso - Boyacá;SI
3891800045;Sogamoso -Boyaca;Sogamoso - Boyacá;SI
3891800075;Sogamoso -Boyaca;Sogamoso - Boyacá;SI
3900345494;Sogamoso -Boyaca;Sogamoso - Boyacá;SI
3891901123;Trujillo -Valle;Trujillo - Valle Del Cauca;SI
3900401845;Trujillo -Valle;Trujillo - Valle Del Cauca;SI
3800175166;Tuluá -Valle;Tuluá - Valle Del Cauca;SI
3900600371;Tuluá -Valle;Tuluá - Valle Del Cauca;SI
3900715217;Tuluá -Valle;Tuluá - Valle Del Cauca;SI
3901298387;Tuluá -Valle;Tuluá - Valle Del Cauca;SI
3900472888;Tuluá -Valle;Tuluá - Valle Del Cauca;SI
3821001749;Tuluá -Valle;Tuluá - Valle Del Cauca;SI
3901320749;Tuluá -Valle;Tuluá - Valle Del Cauca;SI
3900194475;Tuluá -Valle;Tuluá - Valle Del Cauca;SI
3800161538;Tuluá -Valle;Tuluá - Valle Del Cauca;SI
3800215062;Tuluá -Valle;Tuluá - Valle Del Cauca;SI
3901557200;Tuluá -Valle;Tuluá - Valle Del Cauca;SI
3900880906;Tuluá -Valle;Tuluá - Valle Del Cauca;SI
3800154381;Tuluá -Valle;Tuluá - Valle Del Cauca;SI
3900061680;Tuluá -Valle;Tuluá - Valle Del Cauca;SI
3900706445;Tuluá -Valle;Tuluá - Valle Del Cauca;SI
3900900094;Tuluá -Valle;Tuluá - Valle Del Cauca;SI
3900822016;Tuluá -Valle;Tuluá - Valle Del Cauca;SI
3901270523;Tuluá -Valle;Tuluá - Valle Del Cauca;SI
3900832415;Tuluá -Valle;Tuluá - Valle Del Cauca;SI
3901443004;Tuluá -Valle;Tuluá - Valle Del Cauca;SI
3900485012;Tuluá -Valle;Tuluá - Valle Del Cauca;SI
3821000570;Tuluá -Valle;Tuluá - Valle Del Cauca;SI
3901623521;Tuluá -Valle;Tuluá - Valle Del Cauca;SI
3900740477;Tuluá -Valle;Tuluá - Valle Del Cauca;SI
3901078494;Tuluá -Valle;Tuluá - Valle Del Cauca;SI
3901615237;Tuluá -Valle;Tuluá - Valle Del Cauca;SI
3901002967;Tuluá -Valle;Tuluá - Valle Del Cauca;SI
3900455455;Tuluá -Valle;Tuluá - Valle Del Cauca;SI
3900006794;Tuluá -Valle;Tuluá - Valle Del Cauca;SI
3900623073;Tuluá -Valle;Tuluá - Valle Del Cauca;SI
3891901779;Tuluá -Valle;Tuluá - Valle Del Cauca;SI
3821002115;Tuluá -Valle;Tuluá - Valle Del Cauca;SI
3800066619;Tuluá -Valle;Tuluá - Valle Del Cauca;SI
3900649444;Tuluá -Valle;Tuluá - Valle Del Cauca;SI
3900325828;Tuluá -Valle;Tuluá - Valle Del Cauca;SI
3901252455;Tuluá -Valle;Tuluá - Valle Del Cauca;SI
3900497175;Tuluá -Valle;Tuluá - Valle Del Cauca;SI
3891903664;Tuluá -Valle;Tuluá - Valle Del Cauca;SI
3891904303;Tuluá -Valle;Tuluá - Valle Del Cauca;SI
3901698466;Tuluá -Valle;Tuluá - Valle Del Cauca;SI
3900442930;Tuluá -Valle;Tuluá - Valle Del Cauca;SI
3900730695;Tuluá -Valle;Tuluá - Valle Del Cauca;SI
3901505987;Tuluá -Valle;Tuluá - Valle Del Cauca;SI
3901352683;Tuluá -Valle;Tuluá - Valle Del Cauca;SI
3800098112;Tuluá -Valle;Tuluá - Valle Del Cauca;SI
3901266602;Tunja -Boyaca;Tunja - Boyacá;SI
3900114425;Tunja -Boyaca;Tunja - Boyacá;SI
3890301775;Yumbo -Valle;Yumbo - Valle Del Cauca;SI
3901531891;Yumbo -Valle;Yumbo - Valle Del Cauca;SI
3800157025;Yumbo -Valle;Yumbo - Valle Del Cauca;SI
3830510909;Yumbo -Valle;Yumbo - Valle Del Cauca;SI
3900291680;Yumbo -Valle;Yumbo - Valle Del Cauca;SI
3900784975;Yumbo -Valle;Yumbo - Valle Del Cauca;SI
3900071983;Yumbo -Valle;Yumbo - Valle Del Cauca;SI
3805007083;Yumbo -Valle;Yumbo - Valle Del Cauca;SI
3800193850;Yumbo -Valle;Yumbo - Valle Del Cauca;SI
3835001216;Yumbo -Valle;Yumbo - Valle Del Cauca;SI
3900624777;Yumbo -Valle;Yumbo - Valle Del Cauca;SI
3830500775;Yumbo -Valle;Yumbo - Valle Del Cauca;SI
3901283423;Yumbo -Valle;Yumbo - Valle Del Cauca;SI
3901204907;Yumbo -Valle;Yumbo - Valle Del Cauca;SI
3805000830;Yumbo -Valle;Yumbo - Valle Del Cauca;SI
3805003626;Yumbo -Valle;Yumbo - Valle Del Cauca;SI
3805029170;Yumbo -Valle;Yumbo - Valle Del Cauca;SI
3800093320;Yumbo -Valle;Yumbo - Valle Del Cauca;SI
3900220311;Yumbo -Valle;Yumbo - Valle Del Cauca;SI
3900055029;Yumbo -Valle;Yumbo - Valle Del Cauca;SI
3890333023;Yumbo -Valle;Yumbo - Valle Del Cauca;SI
3901078030;Yumbo -Valle;Yumbo - Valle Del Cauca;SI
3900574191;Yumbo -Valle;Yumbo - Valle Del Cauca;SI
3900528724;Yumbo -Valle;Yumbo - Valle Del Cauca;SI
3900203566;Yumbo -Valle;Yumbo - Valle Del Cauca;SI
3900171163;Yumbo -Valle;Yumbo - Valle Del Cauca;SI
3901047848;Yumbo -Valle;Yumbo - Valle Del Cauca;SI
3900301315;Yumbo -Valle;Yumbo - Valle Del Cauca;SI
3901063966;Yumbo -Valle;Yumbo - Valle Del Cauca;SI
3890322449;Yumbo -Valle;Yumbo - Valle Del Cauca;SI
3901657250;Yumbo -Valle;Yumbo - Valle Del Cauca;SI
3817001532;Yumbo -Valle;Yumbo - Valle Del Cauca;SI
3805016737;Yumbo -Valle;Yumbo - Valle Del Cauca;SI
3900221402;Yumbo -Valle;Yumbo - Valle Del Cauca;SI
3800109274;Yumbo -Valle;Yumbo - Valle Del Cauca;SI
3900772097;Yumbo -Valle;Yumbo - Valle Del Cauca;SI
3805013338;Yumbo -Valle;Yumbo - Valle Del Cauca;SI
3900010107;Yumbo -Valle;Yumbo - Valle Del Cauca;SI
3891900712;Zarzal -Valle;Zarzal - Valle Del Cauca;SI
3901346227;Zarzal -Valle;Zarzal - Valle Del Cauca;SI
3900637562;Zarzal -Valle;Zarzal - Valle Del Cauca;SI